YEAR-MONTH,Average crude oil ($/bbl),Brent Crude ($/bbl),Dubai Crude ($/bbl),WTI Crude ($/bbl),Groundnut oil ($/mt),Palm oil ($/mt),Palm kernel oil ($/mt),Soybean oil ($/mt),Rapeseed oil ($/mt),Sunflower oil ($/mt),Beef ($/kg),Chicken ($/kg),Lamb ($/kg),"Shrimps, Mexican ($/kg)",Cameroon Logs ($/cubic meter),Malaysian Logs ($/cubic meter),Cameroon Sawnwood ($/cubic meter),Malaysian Sawnwood ($/cubic meter),Plywood (cents/sheet)
1960M01,1.63,1.63,1.63,…,334,233,…,204,…,…,0.71,0.3,…,1.43,…,31.94,…,149.17,…
1960M02,1.63,1.63,1.63,…,341,229,…,201,…,…,0.71,0.3,…,1.5,…,31.94,…,149.17,…
1960M03,1.63,1.63,1.63,…,338,225,…,201,…,…,0.77,0.3,…,1.5,…,31.94,…,149.17,…
1960M04,1.63,1.63,1.63,…,333,225,…,207,…,…,0.84,0.3,…,1.68,…,31.94,…,149.17,…
1960M05,1.63,1.63,1.63,…,335,225,…,209,…,…,0.76,0.3,…,1.76,…,31.94,…,149.17,…
1960M06,1.63,1.63,1.63,…,334,219,…,218,…,…,0.71,0.3,…,1.76,…,31.94,…,149.17,…
1960M07,1.63,1.63,1.63,…,336,221,…,224,…,…,0.75,0.3,…,1.74,…,31.94,…,149.17,…
1960M08,1.63,1.63,1.63,…,336,225,…,237,…,…,0.78,0.3,…,1.59,…,31.94,…,149.17,…
1960M09,1.63,1.63,1.63,…,323,224,…,231,…,…,0.81,0.3,…,1.52,…,31.94,…,149.17,…
1960M10,1.63,1.63,1.63,…,310,222,…,237,…,…,0.71,0.3,…,1.63,…,31.94,…,149.17,…
1960M11,1.63,1.63,1.63,…,303,222,…,259,…,…,0.63,0.3,…,1.63,…,31.94,…,149.17,…
1960M12,1.63,1.63,1.63,…,301,223,…,259,…,…,0.67,0.3,…,1.52,…,31.94,…,149.17,…
1961M01,1.57,1.57,1.57,…,331,223,…,278,…,…,0.64,0.31,…,1.52,…,33.06,…,151.98,…
1961M02,1.57,1.57,1.57,…,349,228,…,303,…,…,0.64,0.31,…,1.54,…,33.06,…,151.98,…
1961M03,1.57,1.57,1.57,…,373,231,…,311,…,…,0.78,0.31,…,1.52,…,33.06,…,151.98,…
1961M04,1.57,1.57,1.57,…,369,233,…,322,…,…,0.71,0.31,…,1.52,…,33.06,…,151.98,…
1961M05,1.57,1.57,1.57,…,352,234,…,314,…,…,0.64,0.31,…,1.5,…,33.06,…,151.98,…
1961M06,1.57,1.57,1.57,…,330,233,…,295,…,…,0.68,0.31,…,1.52,…,33.06,…,151.98,…
1961M07,1.57,1.57,1.57,…,328,229,…,282,…,…,0.67,0.31,…,1.57,…,33.06,…,151.98,…
1961M08,1.57,1.57,1.57,…,321,226,…,276,…,…,0.69,0.31,…,1.81,…,33.06,…,151.98,…
1961M09,1.57,1.57,1.57,…,301,226,…,267,…,…,0.71,0.31,…,1.9,…,33.06,…,151.98,…
1961M10,1.57,1.57,1.57,…,293,226,…,270,…,…,0.67,0.31,…,1.94,…,33.06,…,151.98,…
1961M11,1.57,1.57,1.57,…,297,226,…,265,…,…,0.64,0.32,…,1.96,…,33.06,…,151.98,…
1961M12,1.57,1.57,1.57,…,319,226,…,265,…,…,0.72,0.32,…,2.03,…,33.06,…,151.98,…
1962M01,1.52,1.52,1.52,…,327.94,235.89,…,265,…,…,0.76,0.32,…,2.03,…,36.39,…,160.06,…
1962M02,1.52,1.52,1.52,…,299.28,237,…,259,…,…,0.76,0.32,…,2.07,…,36.39,…,160.06,…
1962M03,1.52,1.52,1.52,…,290.73,223.22,…,256,…,…,0.71,0.32,…,2.07,…,36.39,…,160.06,…
1962M04,1.52,1.52,1.52,…,281.64,220.46,…,254,…,…,0.65,0.32,…,2.09,…,36.39,…,160.06,…
1962M05,1.52,1.52,1.52,…,270.34,219.08,…,234,…,…,0.73,0.32,…,2.16,…,36.39,…,160.06,…
1962M06,1.52,1.52,1.52,…,264.59,216.33,…,215,…,…,0.79,0.32,…,2.27,…,36.39,…,160.06,…
1962M07,1.52,1.52,1.52,…,266.76,212.75,…,198,…,…,0.76,0.32,…,2.27,…,36.39,…,160.06,…
1962M08,1.52,1.52,1.52,…,265.1,209.16,…,198,…,…,0.75,0.32,…,2.38,…,36.39,…,160.06,…
1962M09,1.52,1.52,1.52,…,268.69,205.3,…,198,…,…,0.8,0.32,…,2.54,…,36.39,…,160.06,…
1962M10,1.52,1.52,1.52,…,251.6,196.76,…,212,…,…,0.68,0.32,…,2.49,…,36.39,…,160.06,…
1962M11,1.52,1.52,1.52,…,251.05,208.06,…,220,…,…,0.59,0.32,…,2.38,…,36.39,…,160.06,…
1962M12,1.52,1.52,1.52,…,254.36,210.82,…,215,…,…,0.6,0.32,…,2.27,…,36.39,…,160.06,…
1963M01,1.5,1.5,1.5,…,261.25,217.71,…,223,…,…,0.57,0.32,…,2.29,…,36.67,…,160.72,…
1963M02,1.5,1.5,1.5,…,264.83,217.71,…,231,…,…,0.56,0.32,…,2.29,…,36.67,…,160.72,…
1963M03,1.5,1.5,1.5,…,264.28,217.71,…,229,…,…,0.56,0.32,…,2.29,…,36.94,…,161.36,…
1963M04,1.5,1.5,1.5,…,261.52,217.71,…,229,…,…,0.65,0.33,…,2.29,…,36.94,…,161.36,…
1963M05,1.5,1.5,1.5,…,268.69,217.71,…,231,…,…,0.69,0.33,…,2.23,…,37.78,…,163.33,…
1963M06,1.5,1.5,1.5,…,274.47,219.91,…,231,…,…,0.69,0.33,…,2.2,…,37.5,…,162.68,…
1963M07,1.5,1.5,1.5,…,274.47,221.84,…,229,…,…,0.76,0.33,…,2.03,…,36.11,…,159.39,…
1963M08,1.5,1.5,1.5,…,264.55,224.6,…,207,…,…,0.83,0.33,…,1.72,…,34.72,…,156.05,…
1963M09,1.5,1.5,1.5,…,265.66,224.6,…,204,…,…,0.7,0.33,…,1.68,…,33.89,…,154.03,…
1963M10,1.5,1.5,1.5,…,275.58,227.35,…,234,…,…,0.67,0.33,…,1.59,…,32.78,…,151.28,…
1963M11,1.5,1.5,1.5,…,274.47,230.11,…,223,…,…,0.63,0.33,…,1.65,…,32.5,…,150.58,…
1963M12,1.5,1.5,1.5,…,272.27,231.76,…,212,…,…,0.69,0.33,…,1.7,…,33.33,…,152.65,…
1964M01,1.45,1.45,1.45,…,269.79,232.86,…,215,…,…,0.73,0.33,…,1.76,…,32.78,…,151.28,…
1964M02,1.45,1.45,1.45,…,258.49,232.59,…,209,…,…,0.79,0.33,…,1.7,…,32.78,…,151.28,…
1964M03,1.45,1.45,1.45,…,265.1,232.86,…,209,…,…,0.82,0.34,…,1.63,…,31.94,…,149.17,…
1964M04,1.45,1.45,1.45,…,273.1,232.86,…,204,…,…,0.83,0.34,…,1.61,…,30.56,…,145.66,…
1964M05,1.45,1.45,1.45,…,292.39,232.86,…,215,…,…,0.87,0.34,…,1.63,…,29.44,…,142.75,…
1964M06,1.45,1.45,1.45,…,317.19,233.96,…,212,…,…,0.86,0.34,…,1.81,…,29.44,…,142.75,…
1964M07,1.45,1.45,1.45,…,335.1,235.34,…,209,…,…,0.94,0.34,…,1.83,…,29.17,…,142.04,…
1964M08,1.45,1.45,1.45,…,323.53,235.62,…,223,…,…,0.9,0.34,…,1.76,…,29.17,…,142.04,…
1964M09,1.45,1.45,1.45,…,346.68,237.55,…,243,…,…,0.82,0.34,…,1.9,…,28.89,…,141.31,…
1964M10,1.45,1.45,1.45,…,370.65,250.77,…,270,…,…,0.84,0.34,…,1.92,…,28.89,…,141.31,…
1964M11,1.45,1.45,1.45,…,359.63,254.91,…,270,…,…,0.84,0.34,…,2.09,…,29.44,…,142.75,…
1964M12,1.45,1.45,1.45,…,372.86,261.25,…,317,…,…,0.86,0.34,…,2.12,…,30.56,…,145.66,…
1965M01,1.42,1.42,1.42,…,361.28,266.21,…,284,…,…,0.85,0.34,…,2.09,…,30.56,…,145.66,…
1965M02,1.42,1.42,1.42,…,373.13,283.02,…,303,…,…,0.85,0.35,…,2.01,…,33.33,…,152.65,…
1965M03,1.42,1.42,1.42,…,344.2,292.11,…,300,…,…,0.85,0.35,…,2.03,…,34.17,…,154.71,…
1965M04,1.42,1.42,1.42,…,325.73,297.62,…,295,…,…,0.85,0.35,…,2.07,…,35.56,…,158.08,…
1965M05,1.42,1.42,1.42,…,293.76,303.13,…,256,…,…,0.84,0.35,…,2.05,…,35.56,…,158.08,…
1965M06,1.42,1.42,1.42,…,296.52,294.87,…,256,…,…,0.86,0.35,…,1.96,…,35.56,…,158.08,…
1965M07,1.42,1.42,1.42,…,301.76,279.99,…,248,…,…,0.88,0.35,…,1.94,…,35.56,…,158.08,…
1965M08,1.42,1.42,1.42,…,299.28,257.66,…,234,…,…,0.89,0.35,…,1.87,…,35.56,…,158.08,…
1965M09,1.42,1.42,1.42,…,308.92,246.64,…,248,…,…,0.91,0.35,…,1.9,…,36.11,…,159.39,…
1965M10,1.42,1.42,1.42,…,324.08,250.22,…,284,…,…,0.93,0.35,…,1.92,…,36.11,…,159.39,…
1965M11,1.42,1.42,1.42,…,336.2,250.22,…,276,…,…,0.91,0.36,…,2.01,…,36.11,…,159.39,…
1965M12,1.42,1.42,1.42,…,322.15,248.57,…,256,…,…,0.94,0.36,…,2.01,…,36.11,…,159.39,…
1966M01,1.36,1.36,1.36,…,307.27,246.92,…,267,…,…,0.97,0.36,…,2.31,…,36.11,…,159.39,…
1966M02,1.36,1.36,1.36,…,299.69,248.02,…,273,…,…,0.96,0.36,…,2.31,…,36.94,…,161.36,…
1966M03,1.36,1.36,1.36,…,292.8,245.26,…,265,…,…,1.07,0.36,…,2.31,…,36.94,…,161.36,…
1966M04,1.36,1.36,1.36,…,285.77,233.69,…,267,…,…,1.07,0.36,…,2.31,…,36.39,…,160.06,…
1966M05,1.36,1.36,1.36,…,288.31,225.7,…,256,…,…,1.04,0.36,…,2.31,…,36.94,…,161.36,…
1966M06,1.36,1.36,1.36,…,288.31,225.42,…,256,…,…,0.99,0.36,…,2.31,…,36.94,…,161.36,…
1966M07,1.36,1.36,1.36,…,294.59,235.34,…,267,…,…,0.97,0.37,…,2.31,…,36.94,…,161.36,…
1966M08,1.36,1.36,1.36,…,304.84,239.75,…,276,…,…,1,0.37,…,2.31,…,36.94,…,161.36,…
1966M09,1.36,1.36,1.36,…,298.73,239.75,…,267,…,…,1.05,0.37,…,2.31,…,36.94,…,161.36,…
1966M10,1.36,1.36,1.36,…,291.84,230.93,…,251,…,…,1.05,0.37,…,2.31,…,36.94,…,161.36,…
1966M11,1.36,1.36,1.36,…,292.66,225.97,…,248,…,…,1.03,0.37,…,2.31,…,36.94,…,161.36,…
1966M12,1.36,1.36,1.36,…,310.85,230.93,…,245,…,…,1.06,0.37,…,2.31,…,36.94,…,161.36,…
1967M01,1.33,1.33,1.33,…,303.41,234.24,…,231,…,…,1.08,0.37,…,2.29,…,36.94,…,161.36,…
1967M02,1.33,1.33,1.33,…,297.07,230.66,…,225,…,…,1.06,0.37,…,2.29,…,37.5,…,162.68,…
1967M03,1.33,1.33,1.33,…,300.65,223.22,…,231,…,…,1.04,0.37,…,2.29,…,38.33,…,164.61,…
1967M04,1.33,1.33,1.33,…,292.39,223.22,…,227,…,…,1.06,0.37,…,2.29,…,38.33,…,164.61,…
1967M05,1.33,1.33,1.33,…,288.8,223.77,…,224,…,…,1.04,0.37,…,2.29,…,38.89,…,165.91,…
1967M06,1.33,1.33,1.33,…,293.76,229.28,…,226,…,…,1.04,0.37,…,2.29,…,38.89,…,165.91,…
1967M07,1.33,1.33,1.33,…,294.59,228.73,…,212,…,…,1.04,0.37,…,2.29,…,38.89,…,165.91,…
1967M08,1.33,1.33,1.33,…,291.56,228.73,…,210,…,…,1.03,0.37,…,2.29,…,38.89,…,165.91,…
1967M09,1.33,1.33,1.33,…,275.3,225.15,…,206,…,…,1.04,0.37,…,2.29,…,40.28,…,169.08,…
1967M10,1.33,1.33,1.33,…,259.04,221.56,…,203,…,…,1.04,0.37,…,2.29,…,41.67,…,172.21,…
1967M11,1.33,1.33,1.33,…,248.02,217.98,…,211,…,…,1.01,0.38,…,2.29,…,41.67,…,172.21,…
1967M12,1.33,1.33,1.33,…,250.85,194.87,…,196,…,…,1.02,0.38,…,2.29,…,41.67,…,172.21,…
1968M01,1.32,1.32,1.32,…,251.33,191.33,…,196,…,…,1.03,0.38,…,2.58,…,41.67,…,172.21,…
1968M02,1.32,1.32,1.32,…,255.34,191.33,…,193,…,…,1.02,0.38,…,2.58,…,41.67,…,172.21,…
1968M03,1.32,1.32,1.32,…,256.52,191.33,…,191,…,…,1.03,0.38,…,2.58,…,41.67,…,172.21,…
1968M04,1.32,1.32,1.32,…,259.59,188.97,…,190,…,…,1.05,0.38,…,2.58,…,41.67,…,172.21,…
1968M05,1.32,1.32,1.32,…,271.64,186.13,…,189,…,…,1.08,0.38,…,2.58,…,41.67,…,172.21,…
1968M06,1.32,1.32,1.32,…,279.2,174.79,…,178,…,…,1.11,0.38,…,2.58,…,38.89,…,165.91,…
1968M07,1.32,1.32,1.32,…,261.25,172.43,…,162,…,…,1.1,0.38,…,2.58,…,38.89,…,165.91,…
1968M08,1.32,1.32,1.32,…,266.68,150.23,…,157,…,…,1.1,0.39,…,2.58,…,38.89,…,165.91,…
1968M09,1.32,1.32,1.32,…,272.82,141.73,…,161,…,…,1.16,0.39,…,2.58,…,38.89,…,165.91,…
1968M10,1.32,1.32,1.32,…,269.75,141.73,…,166,…,…,1.17,0.39,…,2.58,…,38.89,…,165.91,…
1968M11,1.32,1.32,1.32,…,284.63,143.14,…,173,…,…,1.1,0.39,…,2.58,…,38.89,…,165.91,…
1968M12,1.32,1.32,1.32,…,320.06,152.83,…,181,…,…,1.09,0.39,…,2.58,…,38.89,…,165.91,…
1969M01,1.27,1.27,1.27,…,319.59,158.26,…,181,…,…,1.09,0.39,…,2.87,…,38.89,…,165.91,…
1969M02,1.27,1.27,1.27,…,346.05,158.26,…,185,…,…,1.09,0.39,…,2.87,…,38.89,…,165.91,…
1969M03,1.27,1.27,1.27,…,347.82,179.52,…,178,…,…,1.13,0.4,…,2.87,…,38.89,…,165.91,…
1969M04,1.27,1.27,1.27,…,340.14,170.07,…,167,…,…,1.16,0.4,…,2.87,…,38.89,…,165.91,…
1969M05,1.27,1.27,1.27,…,345.17,166.29,…,170,…,…,1.24,0.4,…,2.87,…,38.89,…,165.91,…
1969M06,1.27,1.27,1.27,…,315.1,165.35,…,173,…,…,1.31,0.4,…,2.87,…,38.89,…,165.91,…
1969M07,1.27,1.27,1.27,…,323.37,161.8,…,180,…,…,1.3,0.4,…,2.87,…,38.89,…,165.91,…
1969M08,1.27,1.27,1.27,…,309.91,171.49,…,181,…,…,1.37,0.4,…,2.87,…,38.89,…,165.91,…
1969M09,1.27,1.27,1.27,…,318.88,180.94,…,200,…,…,1.32,0.4,…,2.87,…,38.89,…,165.91,…
1969M10,1.27,1.27,1.27,…,331.09,203.14,…,240,…,…,1.23,0.41,…,2.87,…,38.89,…,165.91,…
1969M11,1.27,1.27,1.27,…,346.64,203.14,…,260,…,…,1.21,0.41,…,2.87,…,38.89,…,165.91,…
1969M12,1.27,1.27,1.27,…,334.54,255.11,…,251,…,…,1.21,0.41,…,2.87,…,38.89,…,165.91,…
1970M01,1.21,1.21,1.21,…,349.83,255.34,…,252,…,…,1.3,0.41,…,2.73,42.99,38.89,175,165.91,…
1970M02,1.21,1.21,1.21,…,346.99,256.29,…,257,…,…,1.33,0.41,…,2.73,42.99,40.63,175,169.88,…
1970M03,1.21,1.21,1.21,…,343.45,258.88,…,268,…,…,1.35,0.41,…,2.73,42.99,41.67,175,172.21,…
1970M04,1.21,1.21,1.21,…,358.57,267.62,…,298,…,…,1.36,0.42,…,2.73,42.99,41.81,175,172.52,…
1970M05,1.21,1.21,1.21,…,383.84,278.73,…,292,…,…,1.33,0.42,…,2.73,42.99,43.5,175,176.25,…
1970M06,1.21,1.21,1.21,…,383.37,277.07,…,288,…,…,1.3,0.42,…,2.73,42.99,44.44,175,178.3,…
1970M07,1.21,1.21,1.21,…,385.73,261.01,…,290,…,…,1.29,0.42,…,2.73,42.99,44.44,175,178.3,…
1970M08,1.21,1.21,1.21,…,392.11,240.22,…,270,…,…,1.25,0.42,…,2.73,42.99,44.44,175,178.3,…
1970M09,1.21,1.21,1.21,…,364.47,226.29,…,276,…,…,1.28,0.42,…,2.73,42.99,44.44,175,178.3,…
1970M10,1.21,1.21,1.21,…,390.22,257.47,…,304,…,…,1.28,0.43,…,2.73,42.99,44.44,175,178.3,…
1970M11,1.21,1.21,1.21,…,406.28,269.99,…,330,…,…,1.27,0.43,…,2.73,42.99,44.44,175,178.3,…
1970M12,1.21,1.21,1.21,…,437.69,271.64,…,311,…,…,1.31,0.43,…,2.73,42.99,44.44,175,178.3,…
1971M01,1.64,1.64,1.64,…,448.32,273.29,…,309,…,…,1.34,0.43,0.8,3.31,44.43,44.44,…,178.3,…
1971M02,1.64,1.64,1.64,…,479.5,273.29,…,297,…,…,1.37,0.43,0.79,3.31,44.43,44.44,…,178.3,…
1971M03,1.64,1.64,1.64,…,481.87,278.02,…,300,…,…,1.38,0.43,0.78,3.31,44.43,44.44,…,178.3,…
1971M04,1.64,1.64,1.64,…,462.97,269.28,…,292,…,…,1.4,0.43,0.82,3.31,44.43,44.44,…,178.3,…
1971M05,1.64,1.64,1.64,…,453.52,242.82,…,293,…,…,1.4,0.44,0.79,3.31,44.43,44.31,…,178.02,…
1971M06,1.64,1.64,1.64,…,441.24,240.93,…,310,…,…,1.37,0.44,0.76,3.31,44.43,43.26,…,175.73,…
1971M07,1.74,1.74,1.74,…,439.58,263.37,…,336,…,…,1.35,0.44,0.75,3.31,44.43,41.94,…,172.81,…
1971M08,1.74,1.74,1.74,…,439.64,282.56,…,335,…,…,1.32,0.44,0.75,3.31,44.43,42.19,…,173.37,…
1971M09,1.74,1.74,1.74,…,429.75,272.24,…,296,…,…,1.3,0.44,0.79,3.31,44.43,43.12,…,175.42,…
1971M10,1.74,1.74,1.74,…,404.03,253.99,…,305,…,…,1.31,0.45,0.8,3.31,44.43,43.58,…,176.43,…
1971M11,1.74,1.74,1.74,…,396.01,247.82,…,301,…,…,1.29,0.45,0.85,3.31,44.43,41.57,…,171.99,…
1971M12,1.74,1.74,1.74,…,410.95,233.69,…,271,…,…,1.32,0.45,0.88,3.31,44.43,41.45,…,171.72,…
1972M01,1.77,1.77,1.77,…,426.69,218.34,…,249,…,…,1.39,0.45,0.92,4.12,52.48,40.35,…,169.24,…
1972M02,1.77,1.77,1.77,…,437.61,185.17,…,246,…,…,1.4,0.46,0.89,4.12,52.48,42.13,…,173.23,…
1972M03,1.77,1.77,1.77,…,434.41,216.68,…,258,…,…,1.45,0.46,0.92,4.12,52.48,43.98,…,177.3,…
1972M04,1.77,1.77,1.77,…,439.9,227.34,…,272,…,…,1.5,0.46,0.93,4.12,52.48,43.57,…,176.41,…
1972M05,1.77,1.77,1.77,…,441.52,227.51,…,252,…,…,1.51,0.47,0.98,4.12,52.48,42.54,…,174.14,…
1972M06,1.77,1.77,1.77,…,422.12,216.13,…,234,…,…,1.54,0.47,1.23,4.12,52.48,40.75,…,170.15,…
1972M07,1.87,1.87,1.87,…,403.2,214.6,…,226,…,…,1.51,0.47,1.15,4.12,52.48,39.02,…,166.21,…
1972M08,1.87,1.87,1.87,…,413.54,220.64,…,223,…,…,1.49,0.48,1.22,4.12,52.48,39.27,…,166.78,…
1972M09,1.87,1.87,1.87,…,412.33,224.87,…,225,…,…,1.46,0.48,1.2,4.12,52.48,39.38,…,167.03,…
1972M10,1.87,1.87,1.87,…,401.48,224.02,…,228,…,…,1.47,0.48,1.11,4.12,52.48,39.46,…,167.22,…
1972M11,1.87,1.87,1.87,…,422.59,218.54,…,240,…,…,1.48,0.49,1.12,4.12,52.48,39.46,…,167.22,…
1972M12,1.87,1.87,1.87,…,455.82,213.26,…,234,…,…,1.57,0.5,1.14,4.12,52.48,43.48,…,176.21,…
1973M01,2.08,2.08,2.08,…,445.79,211.77,…,239,…,…,1.7,0.5,1.17,5,133.47,48.85,…,187.65,…
1973M02,2.08,2.08,2.08,…,460.54,258.66,…,291,…,…,1.87,0.51,1.18,5,133.47,63.34,…,215.9,…
1973M03,2.08,2.08,2.08,…,462.7,280.36,…,311,…,…,1.98,0.51,1.23,5,133.47,74.1,…,234.99,…
1973M04,2.35,2.35,2.35,…,473.56,290.2,…,333,…,…,1.85,0.52,1.27,5,133.47,70.97,…,229.58,…
1973M05,2.35,2.35,2.35,…,493.84,323.83,…,373,…,…,1.85,0.53,1.24,5,133.47,61.74,…,212.94,…
1973M06,2.35,2.35,2.35,…,524.81,371.41,…,455,…,…,1.8,0.54,1.29,5,133.47,55.72,…,201.47,…
1973M07,2.7,2.7,2.7,…,593.56,472.85,…,550,…,…,1.96,0.55,1.44,5,133.47,56.35,…,202.69,…
1973M08,2.7,2.7,2.7,…,597.88,536.33,…,548,…,…,2.46,0.54,1.47,5,133.47,63.55,…,216.29,…
1973M09,2.7,2.7,2.7,…,533.73,424.13,…,508,…,…,2.26,0.53,1.56,5,133.47,70.27,…,228.36,…
1973M10,4.1,4.1,4.1,…,560.68,434.92,…,531,…,…,2.18,0.54,1.6,5,133.47,78,…,241.59,…
1973M11,4.1,4.1,4.1,…,617.23,429.29,…,490,…,…,2.14,0.54,1.61,5,133.47,77.03,…,239.97,…
1973M12,4.1,4.1,4.1,…,789.7,496.71,…,603,…,…,2.07,0.55,1.62,5,133.47,96.43,…,270.91,…
1974M01,13,13,13,…,958.77,578.77,…,665,…,…,2.04,0.55,1.6,4.65,120.43,95.43,…,269.39,…
1974M02,13,13,13,…,1093.4,667.24,…,780,…,…,1.98,0.55,1.46,4.65,120.43,97.86,…,273.08,…
1974M03,13,13,13,…,1123.83,632.88,…,711,…,…,1.74,0.55,1.45,4.65,120.43,99.71,…,275.85,…
1974M04,10.6,10.6,10.6,…,1113.36,613.85,…,660,…,…,1.62,0.55,1.45,4.65,120.43,94.68,…,268.25,…
1974M05,10.6,10.6,10.6,…,1102.24,591.5,…,775,…,…,1.54,0.55,1.42,4.65,120.43,87.12,…,256.46,…
1974M06,10.6,10.6,10.6,…,1070.19,603.31,…,788,…,…,1.45,0.55,1.39,4.65,120.43,79.49,…,244.08,…
1974M07,10,10,10,…,1010.85,609.64,…,872,…,…,1.64,0.56,1.31,4.65,120.43,83.19,…,250.15,…
1974M08,10,10,10,…,1085.19,727.84,…,922,…,…,1.61,0.56,1.3,4.65,120.43,80.07,…,245.04,…
1974M09,10,10,10,…,1057.69,706.65,…,933,…,…,1.4,0.57,1.35,4.65,120.43,71.42,…,230.37,…
1974M10,10.3,10.3,10.3,…,1139.17,840.17,…,1045,…,…,1.39,0.57,1.43,4.65,120.43,65.11,…,219.14,…
1974M11,10.3,10.3,10.3,…,1085.08,767.53,…,943,…,…,1.32,0.57,1.44,4.65,120.43,59.98,…,209.64,…
1974M12,10.3,10.3,10.3,…,1082.88,689.26,…,892,…,…,1.26,0.57,1.48,4.65,120.43,65.9,…,220.57,…
1975M01,10.42,10.42,10.42,…,1078,589.4,…,775,…,…,1.15,0.57,1.54,5.89,126.57,68.42,…,225.09,…
1975M02,10.42,10.42,10.42,…,1078,497.67,…,661,…,…,1.15,0.57,1.46,5.89,126.57,61.61,…,212.7,…
1975M03,10.42,10.42,10.42,…,965,478.26,…,622,…,…,1.14,0.57,1.57,5.89,126.57,68.05,…,224.43,…
1975M04,10.42,10.42,10.42,…,882,451.1,…,624,…,…,1.28,0.58,1.58,5.89,126.57,67.1,…,222.73,…
1975M05,10.42,10.42,10.42,…,727,391.74,…,516,…,…,1.37,0.58,1.52,5.89,126.57,67.25,…,223,…
1975M06,10.42,10.42,10.42,…,660,356,…,525,…,…,1.33,0.58,1.53,5.89,126.57,66.76,…,222.12,…
1975M07,10.43,10.43,10.43,…,813,401.98,…,578,…,…,1.35,0.58,1.44,5.89,126.57,66.17,…,221.06,…
1975M08,10.43,10.43,10.43,…,908,472.61,…,599,…,…,1.3,0.59,1.35,5.89,126.57,69.48,…,226.97,…
1975M09,10.43,10.43,10.43,…,871,412.35,…,551,…,…,1.42,0.59,1.39,5.89,126.57,68.24,…,224.77,…
1975M10,10.46,10.46,10.46,…,840,412.19,…,495,…,…,1.53,0.59,1.41,5.89,126.57,67.13,…,222.79,…
1975M11,10.46,10.46,10.46,…,755,378.8,…,423,…,…,1.47,0.59,1.45,5.89,126.57,69.25,…,226.56,…
1975M12,10.46,10.46,10.46,…,713,367.93,…,391,…,…,1.44,0.59,1.49,5.89,126.57,70.66,…,229.04,…
1976M01,11.51,11.51,11.51,…,720,353.88,…,385,…,…,1.49,0.59,1.46,8.31,145.74,73.2,…,233.45,…
1976M02,11.51,11.51,11.51,…,734,365.84,…,390,…,…,1.59,0.59,1.36,8.31,145.43,77.51,…,240.77,…
1976M03,11.51,11.51,11.51,…,669,375.79,…,399,…,…,1.71,0.6,1.52,8.31,140.59,79.64,…,244.32,…
1976M04,11.51,11.51,11.51,…,701,348.4,…,384,…,…,1.81,0.6,1.49,8.31,143.47,83.04,…,249.9,…
1976M05,11.51,11.51,11.51,…,643,344.8,…,370,…,…,1.78,0.61,1.56,8.31,142.55,83.06,…,249.93,…
1976M06,11.51,11.51,11.51,…,671,394.8,…,408,…,…,1.6,0.61,1.53,8.31,141.43,86.57,…,255.58,…
1976M07,11.6,11.6,11.6,…,420,450.5,…,457,…,…,1.53,0.62,1.55,8.31,138.3,94.04,…,267.27,…
1976M08,11.6,11.6,11.6,…,748,431,…,456,…,…,1.58,0.62,1.61,8.31,135.02,100.91,…,277.64,…
1976M09,11.6,11.6,11.6,…,808,456.5,…,505,…,…,1.56,0.62,1.62,8.31,136.31,105.12,…,283.83,…
1976M10,11.9,11.9,11.9,…,829,443.6,…,495,…,…,1.43,0.62,1.65,8.31,134.53,107.04,…,286.62,…
1976M11,11.9,11.9,11.9,…,834,456.5,…,506,…,…,1.41,0.62,1.69,8.31,148.31,107.04,…,286.62,…
1976M12,11.9,11.9,11.9,…,777,456.8,…,505,…,…,1.5,0.63,1.75,8.31,156.39,107.04,…,286.62,…
1977M01,12.5,12.5,12.5,…,933,462,…,502,…,…,1.58,0.63,1.79,7.91,156.96,92,…,264.12,…
1977M02,12.5,12.5,12.5,…,856,507,…,553,…,…,1.64,0.64,1.65,7.91,156.66,95.2,…,269.04,…
1977M03,12.5,12.5,12.5,…,871,598,…,630,…,…,1.62,0.64,1.59,7.91,156.58,96.6,…,271.17,…
1977M04,12.45,12.45,12.45,…,881,647,…,782,…,…,1.55,0.65,1.57,7.91,157.11,94.7,…,268.28,…
1977M05,12.45,12.45,12.45,…,897,659,…,741,…,…,1.5,0.65,1.6,7.91,157.48,91.1,…,262.72,…
1977M06,12.45,12.45,12.45,…,848,619,…,666,…,…,1.46,0.65,1.62,7.91,157.89,90.8,…,262.25,…
1977M07,12.63,12.63,12.63,…,804,520,…,548,…,…,1.42,0.65,1.59,7.91,160.8,91.5,…,263.34,…
1977M08,12.63,12.63,12.63,…,807,493,…,498,…,…,1.39,0.65,1.59,7.91,159.35,90.9,…,262.41,…
1977M09,12.63,12.63,12.63,…,773,459.5,…,512,…,…,1.41,0.65,1.68,7.91,158.47,90.9,…,262.41,…
1977M10,12.68,12.68,12.68,…,794,450,…,490,…,…,1.46,0.66,1.86,7.91,160.52,92.3,…,264.58,…
1977M11,12.68,12.68,12.68,…,852,444.8,…,500,…,…,1.46,0.67,1.92,7.91,160.7,93.1,…,265.82,…
1977M12,12.68,12.68,12.68,…,917,501,…,541,…,…,1.58,0.67,1.94,7.91,162.72,91.7,…,263.65,…
1978M01,12.66,12.66,12.66,…,956,514,…,522,…,…,1.72,0.67,2,8.07,165.36,93.9,…,267.05,…
1978M02,12.66,12.66,12.66,…,910,558,…,534,…,…,1.91,0.68,1.96,8.07,161.19,96.6,…,271.17,…
1978M03,12.66,12.66,12.66,…,1020,598,…,629,…,…,2,0.68,1.92,8.07,165.48,96,…,270.26,…
1978M04,12.68,12.68,12.68,…,1127,603,…,624,…,…,2.24,0.69,1.9,8.07,170.13,100.4,…,276.88,…
1978M05,12.7,12.7,12.7,…,1128,624,…,657,…,…,2.25,0.69,2,8.07,193.5,93.8,…,266.9,…
1978M06,12.73,12.73,12.73,…,1106,654,…,631,…,…,1.99,0.69,2.11,8.07,196.51,92.4,…,264.74,…
1978M07,12.77,12.77,12.77,…,1042,622,…,586,…,…,1.95,0.7,2.28,8.07,202.73,94.3,…,267.66,…
1978M08,12.79,12.79,12.79,…,1044,585,…,587,…,…,2.03,0.7,2.32,8.07,206.4,100.4,…,276.88,…
1978M09,12.8,12.8,12.8,…,1210,615,…,630,…,…,2.24,0.7,2.41,8.07,206.34,99.3,…,275.24,…
1978M10,12.85,12.85,12.85,…,1194,623,…,637,…,…,2.35,0.71,2.54,8.07,213.08,101.6,…,278.66,…
1978M11,13.2,13.2,13.2,…,1191,604,…,620,…,…,2.42,0.71,2.48,8.07,206.32,97.8,…,272.98,…
1978M12,14.5,14.5,14.5,…,1022,604,…,627,…,…,2.57,0.72,2.41,8.07,208.33,101.8,…,278.96,…
1979M01,17.45,18.95,15.95,…,976,636,…,616,…,…,2.8,0.72,2.34,11.97,212.2,116.2,…,299.62,270
1979M02,20.75,22,19.5,…,969,694,…,653,…,…,2.93,0.72,2.17,11.97,191.8,127.8,…,315.41,238
1979M03,22.02,23.25,20.8,…,972,688,…,669,…,…,3.01,0.73,2.18,11.97,199.4,131.7,…,320.58,206.6
1979M04,22.43,23.65,21.2,…,970,666,…,648,…,…,3.15,0.73,2.26,11.97,204.6,133.1,…,322.41,225.4
1979M05,33.5,32.75,34.25,…,925,665,…,636,…,…,3.04,0.73,2.35,11.97,201.9,148.4,…,341.92,256
1979M06,34.67,36.5,32.85,…,893,675,…,673,…,…,2.78,0.74,2.4,11.97,203.9,180.5,…,380.06,285
1979M07,33.5,35,32,…,913,678,…,690,…,…,2.48,0.74,2.53,11.97,209.7,208,…,410.31,333
1979M08,34,35.75,32.25,…,867,652,…,682.2,…,…,2.56,0.74,2.42,11.97,209,222.5,…,425.51,281
1979M09,35.5,36.5,34.5,…,872,640,…,691,…,…,2.88,0.75,2.38,11.97,212.5,218.5,…,421.37,283
1979M10,37.25,38.5,36,…,812,602,…,671,…,…,2.86,0.75,2.41,11.97,226.4,191.4,…,392.29,258
1979M11,40.75,42,39.5,…,775,620,…,670,…,…,3.03,0.76,2.42,11.97,229.5,179.7,…,379.15,252
1979M12,39.75,40.5,39,…,720,630,…,647,…,…,3.1,0.76,2.6,11.97,237.4,182.7,…,382.56,262
1980M01,39,40,38,…,744,662,…,609,…,…,3.01,0.75,2.6,10.14,245.2,200.1,396,401.82,285.8
1980M02,37.25,38.5,36,…,778,672,…,610,…,…,2.97,0.72,2.7,10.14,249,213.6,396,416.24,306.9
1980M03,37,38.25,35.75,…,720,637,…,580,…,…,2.6,0.7,2.63,10.14,243.4,209.3,396,411.69,310.1
1980M04,36.58,38.15,35,…,708,611,…,552,…,…,2.52,0.68,2.92,10.14,241.8,206.8,396,409.03,285.3
1980M05,37.05,38.5,35.6,…,733,584,…,562,…,…,2.44,0.68,3.14,10.14,251.1,216.73,396,419.52,291.1
1980M06,37,38,36,…,713,555,…,570,…,…,2.51,0.69,2.98,10.14,255.3,218.42,396,421.28,264.6
1980M07,35.38,37.4,33.35,…,860,545,…,635,…,…,2.75,0.76,3.2,10.14,259.9,195.13,396,396.4,276.5
1980M08,32.95,33.6,32.3,…,914,518,…,636,…,…,2.92,0.8,3.07,10.14,253,188.51,396,389.08,257.5
1980M09,32.83,33.4,32.25,…,928,509,…,615,…,…,2.85,0.84,3,10.14,252.5,213.12,396,415.73,242.5
1980M10,37.35,37.9,36.8,…,934,507,…,592,…,…,2.86,0.85,2.92,10.14,258.9,159.05,396,354.96,241
1980M11,40.3,40.85,39.75,…,1093,585,…,639,…,…,2.94,0.82,2.7,10.14,258.4,161.97,396,358.47,259.6
1980M12,39.75,40.15,39.35,…,1180,619.3,…,571.3,…,…,2.75,0.81,2.71,10.14,251.8,163.43,396,360.21,264.5
1981M01,39.77,40.3,39.25,…,1110,625,…,545,…,…,2.68,0.79,2.92,10.16,247.98,166.34,…,363.66,258.9
1981M02,37.9,38.7,37.1,…,1100,640,…,516,…,…,2.57,0.81,2.97,10.16,231.48,163.11,…,359.83,259.4
1981M03,37.6,38.35,36.85,…,1115,620,…,535,…,…,2.5,0.79,2.73,10.16,231.39,160.77,…,357.03,244.3
1981M04,36.37,37.19,35.55,…,1105,588,…,531.2,…,…,2.53,0.77,2.97,10.16,225.25,156.28,…,351.61,259.4
1981M05,34.28,35.19,33.38,…,1185,599,…,511,…,…,2.49,0.74,3.22,10.16,209.45,158.55,…,354.36,256.5
1981M06,32.71,33.25,32.17,…,1185,640,…,512,…,…,2.44,0.76,2.99,10.16,203.14,156.42,…,351.78,231.9
1981M07,33.51,35.06,31.96,…,1160,600,…,530,…,…,2.41,0.81,2.49,10.16,198.3,145.61,…,338.44,224.18
1981M08,33.98,35.8,32.17,…,1160,531,…,506,…,…,2.41,0.79,2.18,10.16,192.26,142.83,…,334.93,215.24
1981M09,33.99,35.91,32.06,…,1005,509,…,485,…,…,2.49,0.77,2.47,10.16,203.75,142.19,…,334.12,236.94
1981M10,34.61,36.54,32.68,…,863,513,…,486,…,…,2.43,0.76,2.64,10.16,204.46,146.24,…,339.23,231.37
1981M11,35.68,37.12,34.24,…,805,500,…,470,…,…,2.37,0.75,2.65,10.16,204.82,156.42,…,351.78,250.88
1981M12,35.41,36.7,34.12,…,720,483,…,455,…,…,2.36,0.74,2.62,10.16,201.2,160,…,356.11,267.32
1982M01,35.05,35.85,34,35.3,685,502,…,455,…,…,2.38,0.76,2.96,10.03,197.42,163.27,…,360.02,255.47
1982M02,32.27,31.62,30.4,34.8,685,528,…,454,…,…,2.38,0.77,2.76,11.46,191.11,154.81,…,349.82,235.29
1982M03,30.17,29.3,28.6,32.6,644,507,…,452,…,…,2.38,0.76,2.66,12.79,187.23,151.18,…,345.37,240.94
1982M04,31.57,33.12,30.88,30.7,679,509,…,482,…,…,2.4,0.76,2.55,13.45,184.19,148.89,…,342.53,235.85
1982M05,33.04,35.18,33.35,30.6,645,511,…,509,…,…,2.41,0.77,2.54,13.89,191.1,152.71,…,347.25,233.8
1982M06,32.77,34.6,32.65,31.05,599,494,…,475,…,…,2.38,0.78,2.43,13.89,174.8,140.39,…,331.83,207.5
1982M07,32.92,33.7,31.7,33.35,570,421,…,464,…,…,2.23,0.79,2.38,12.68,168,140.59,…,332.09,225.4
1982M08,32.42,32.85,31.2,33.2,572,396,…,432,…,…,2.24,0.76,2.27,13.12,166.3,140.11,…,331.47,230.3
1982M09,33.47,34.25,33.05,33.1,530,380,…,426,…,…,2.43,0.76,2.18,14.55,162.79,140.59,…,332.09,239.1
1982M10,33.78,35,33.4,32.95,470,355,…,416,…,…,2.48,0.75,2.1,14.22,160.97,136.66,…,327.04,217.39
1982M11,32.85,33.8,31.75,33,474,362,…,403,…,…,2.48,0.74,1.88,14.44,159.4,140.78,…,332.33,221.6
1982M12,31.47,31.75,30.1,32.55,466,376,…,399,…,…,2.48,0.72,1.82,14.88,167.7,147.47,…,340.77,246.72
1983M01,30.65,30.85,30.05,31.06,461,372,…,397,…,…,2.28,0.73,1.78,14.64,169.88,145.53,…,338.34,244.7
1983M02,29.11,29.1,29,29.24,452,367,…,395,…,…,2.38,0.74,1.67,14.37,167.1,127.51,…,315.03,234.9
1983M03,28.32,28.2,28.1,28.66,445,377.6,…,394,…,…,2.49,0.75,1.82,13.78,164.03,125.49,…,312.32,243.3
1983M04,29.69,29.75,28.7,30.63,495,418.5,…,434,…,…,2.54,0.72,2.12,13.4,157.18,127.11,…,314.49,237.68
1983M05,29.36,29.6,28.5,29.98,548,432,…,434,…,…,2.54,0.73,2.1,13.45,154.78,131.86,…,320.79,240.63
1983M06,29.97,30.2,28.75,30.95,593,394,…,425,…,…,2.47,0.75,2.04,13.76,150.07,129.77,…,318.03,231.63
1983M07,30.47,30.8,29,31.6,635,425,…,477,…,…,2.46,0.78,1.97,13.12,147.82,129.23,…,317.32,215.39
1983M08,30.65,31.1,28.9,31.96,969,559,…,651,…,…,2.48,0.79,1.93,12.74,143.03,134.5,…,324.24,214.47
1983M09,30.07,30.35,28.6,31.26,1052,645,…,732.6,…,…,2.47,0.82,1.95,12.61,156.64,138.54,…,329.46,218.32
1983M10,29.62,29.85,28.6,30.4,1054,671,…,687,…,…,2.45,0.78,1.98,12.32,168.27,152.84,…,347.41,227.46
1983M11,29.17,29.2,28.3,30,951,661,…,652,…,…,2.41,0.81,1.94,12.24,177.43,152.92,…,347.51,225.24
1983M12,28.81,28.95,28.25,29.24,876,695,…,644,…,…,2.31,0.86,1.88,12.06,172.99,157.17,…,352.69,223.98
1984M01,29.04,29.56,27.73,29.84,983,875,…,692,…,…,2.26,0.89,1.85,11.93,168.69,160.6,…,356.83,222.32
1984M02,29.2,29.88,27.65,30.08,1024,875,…,669,…,…,2.34,0.92,1.87,12.08,174.21,158.63,…,354.46,225.74
1984M03,29.53,30.08,27.79,30.73,1086,845,…,720,…,…,2.38,0.91,1.96,12.48,190.58,169.74,…,367.65,254
1984M04,29.57,30.13,27.96,30.63,1159,841,…,772,…,…,2.47,0.9,2.07,12.54,190.76,181.83,…,381.57,255.61
1984M05,29.46,29.9,28.03,30.45,1171,951,…,914,…,…,2.4,0.87,2.08,12.02,183.43,184.41,…,384.48,244.95
1984M06,29.05,29.2,27.91,30.04,1155,783,…,844,…,…,2.33,0.87,2.05,11.79,184.09,175.13,…,373.91,232.62
1984M07,27.99,27.91,27.26,28.79,1054,580,…,697,…,…,2.23,0.89,1.96,11.46,177.35,157.9,…,353.57,218.25
1984M08,28.17,28.11,27.23,29.17,984,562,…,679,…,…,2.25,0.85,1.95,11,174.9,147.54,…,340.85,222.86
1984M09,28.35,28.36,27.4,29.3,931,611,…,694,…,…,2.18,0.86,1.86,10.47,167.04,142.78,…,334.87,216.12
1984M10,27.85,27.81,27.11,28.64,836,615,…,679,…,…,2.11,0.84,1.8,11.13,164.5,135.87,…,326.02,211.92
1984M11,27.65,27.7,27.09,28.16,905,616,…,698,…,…,2.1,0.84,1.84,11.79,168.95,136.11,…,326.33,211.66
1984M12,26.81,26.98,26.76,26.7,912,592,…,630,…,…,2.22,0.82,1.77,12.13,163.21,130.58,…,319.1,207.71
1985M01,26.63,26.95,27.3,25.65,890,583,…,630,…,…,2.27,0.84,1.73,11.07,159.82,120.44,307,305.47,202.61
1985M02,27.6,28.2,27.25,27.35,873,595,…,664,…,…,2.31,0.85,1.69,11.16,153.91,116.49,307,300.02,196.9
1985M03,27.85,28.1,27.15,28.3,944,651,…,667,…,…,2.25,0.84,1.71,10.69,153.29,116.83,307,300.49,197.19
1985M04,27.8,27.9,26.65,28.85,1020,653,…,693,…,…,2.13,0.84,1.86,10.21,164.7,121.11,307,306.39,202.65
1985M05,26.65,26.65,25.65,27.65,1026,610,…,652,…,…,2.09,0.82,1.84,10.21,163.66,120.49,307,305.54,200.4
1985M06,26.37,26.45,25.45,27.2,974,556,…,630,…,…,2.09,0.84,1.86,10.21,165.96,117.96,307,302.06,196.8
1985M07,26.38,26.6,25.7,26.85,880,487,…,568,…,…,2.05,0.83,1.98,10.12,174.6,120.79,307,305.95,208.1
1985M08,27.02,27.15,26.3,27.6,896,404,…,518,…,…,2.07,0.83,1.96,10.21,181.84,118.28,307,302.5,212.89
1985M09,26.98,27.15,26.15,27.65,810,360,…,469,…,…,2.08,0.84,1.81,10.25,179.01,115.69,307,298.91,210.17
1985M10,27.82,27.9,26.7,28.85,808,356,…,448,…,…,2.14,0.82,1.87,10.36,192.13,122.19,307,307.86,225.87
1985M11,28.6,29.05,26.9,29.85,911,362,…,455,…,…,2.14,0.85,1.91,10.54,196.34,130.9,307,319.52,237.83
1985M12,26.5,25.85,26.3,27.35,827,390,…,470,…,…,2.23,0.87,1.92,10.87,201.34,139.64,307,330.87,239.13
1986M01,24.68,25.75,25.4,22.9,701,342,…,457,…,…,2.18,0.84,1.88,11.22,206.72,144.99,…,337.66,242.42
1986M02,15.92,17.55,14.8,15.4,580,283,…,394,…,…,2.16,0.85,1.88,11.9,216.42,148.7,…,342.3,258.61
1986M03,12.65,13.85,11.45,12.65,541,243,…,369,…,…,2.19,0.85,2.11,12.41,192.13,142.12,…,334.03,257.64
1986M04,11.9,12.5,10.3,12.9,578,242,…,349,…,…,2.06,0.83,2.32,12.85,215.39,136.47,…,326.79,256.95
1986M05,13.72,14.2,11.5,15.45,578,238,…,345,…,…,2.07,0.85,2.56,13.89,217.86,145.21,…,337.94,269.74
1986M06,11.85,11.85,10.2,13.5,560,243,…,351,…,…,2.02,0.88,2.57,14.2,217.42,136.69,…,327.08,267.94
1986M07,9.62,9.45,7.85,11.55,548,221,…,336,…,…,1.93,0.98,2.37,13.71,223.77,135.96,…,326.13,280.58
1986M08,13.7,13.65,12.15,15.3,561,197,…,271,…,…,2,1.06,2.12,13.45,230.44,132.55,…,321.69,280.03
1986M09,14.08,14.2,13.1,14.95,534,207,…,276,…,…,2.09,1.01,2.07,12.99,232.04,126.18,…,313.25,274.69
1986M10,13.95,13.8,13.15,14.9,572,272,…,319,…,…,2.11,1,1.98,12.28,236.67,123.94,…,310.23,278.13
1986M11,14.45,14.55,13.55,15.25,551,303,…,322,…,…,2.12,0.99,1.97,12.81,233.97,134.11,…,323.73,285.14
1986M12,15.68,15.9,14.9,16.25,529,293,…,320,…,…,2.18,0.97,2.01,12.92,236.9,156,…,351.27,332.74
1987M01,18.07,18.4,17.2,18.6,520,350,…,315,…,…,2.18,0.96,2.11,12.9,250.23,169.99,…,367.95,373.83
1987M02,17.25,17.3,16.7,17.75,500,330,…,307,…,…,2.28,0.95,2.09,12.35,254.75,167.42,…,364.93,376.27
1987M03,17.75,17.9,16.9,18.45,484,313,…,305,…,…,2.33,0.92,2.22,11.9,253.91,171.29,…,369.46,339.84
1987M04,17.9,18.1,16.95,18.65,507,339,…,333,…,…,2.4,0.91,2.17,11.75,256.98,174.26,…,372.91,323.47
1987M05,18.4,18.75,17.05,19.4,525,341,…,351,…,…,2.4,0.91,2.22,12.08,259.65,159.56,…,355.58,329.09
1987M06,18.72,18.85,17.25,20.05,513,342,…,351,…,…,2.32,0.89,2.16,11.75,255.14,160.43,…,356.62,352.3
1987M07,19.62,19.8,17.75,21.3,499,300,…,318,…,…,2.33,0.88,2.1,10.98,252.79,166.81,…,364.21,384.46
1987M08,18.82,18.95,17.3,20.2,467,308,…,322,…,…,2.31,0.91,2.06,10.76,251.53,199.64,…,401.32,454.05
1987M09,18.28,18.35,17,19.5,469,335,…,330,…,…,2.51,0.92,2.1,10.69,257.75,254.45,…,457.49,479.02
1987M10,18.57,18.8,17.05,19.85,502,353,…,348,…,…,2.51,0.91,2.09,10.56,259.14,259.75,…,462.61,472.87
1987M11,17.75,17.8,16.6,18.85,481,368,…,338,…,…,2.56,0.88,2.23,10.58,273.37,275.67,…,477.71,470.24
1987M12,16.63,17.1,15.5,17.3,530,432,…,393,…,…,2.51,0.86,2.4,10.98,281.75,262,…,464.77,437.44
1988M01,16.47,16.85,15.4,17.15,540,486,…,433,…,…,2.49,0.87,2.47,11.42,279.81,238.71,…,441.98,414.51
1988M02,15.85,15.75,15.05,16.75,503,403,…,406,…,…,2.61,0.88,2.45,11.86,271.92,196.79,…,398.21,353.82
1988M03,14.78,14.75,13.4,16.2,501,381,…,396,…,…,2.59,0.88,2.54,12.83,273.96,199.48,…,401.14,373.19
1988M04,16.47,16.6,14.95,17.85,515,403,…,409,…,…,2.49,0.89,2.58,13.56,274.64,212.62,…,415.2,376.21
1988M05,16.22,16.4,14.85,17.4,541,422,…,437,…,…,2.43,0.94,2.55,13.34,272.07,210.65,…,413.12,372.69
1988M06,15.33,15.55,13.8,16.65,637,496,…,544,…,…,2.42,1.01,2.42,13.37,263.43,198.44,…,400.01,350.01
1988M07,14.48,14.9,13.05,15.5,769,517,…,600,…,…,2.44,1.1,2.3,12.51,264.87,188.28,…,388.82,312.81
1988M08,14.55,14.95,13.15,15.55,696,450,…,534,…,…,2.51,1.12,2.27,11.82,262.08,175.28,…,374.09,310.56
1988M09,13.1,13.3,11.55,14.45,649,428,…,478,…,…,2.51,1.14,2.26,11.64,263.77,178.1,…,377.32,319.85
1988M10,12.18,12.45,10.3,13.8,606,431,…,449,…,…,2.57,1.09,2.31,11.88,269.4,199.25,…,400.89,336.38
1988M11,12.53,13,10.6,14,564,418,…,431,…,…,2.57,1.06,2.39,12.35,280.56,208.69,…,411.04,393.7
1988M12,14.65,15.15,12.5,16.3,563,411,…,444,…,…,2.57,1.05,2.39,12.7,279.33,204.04,…,406.07,392.3
1989M01,16.48,17,14.45,18,592,383,…,423,…,…,2.44,1.07,2.3,12.64,270.39,199.36,…,401.01,363.51
1989M02,16.35,16.65,14.6,17.8,630,401,…,412,…,…,2.49,1.07,2.3,12.68,277.46,195.97,…,404.55,352.2
1989M03,18.03,18.7,15.95,19.45,746,399,…,437,…,…,2.44,1.09,2.26,12.76,276.69,187.5,…,402.44,345.2
1989M04,19.2,19.75,16.9,20.95,753,391,…,440,…,…,2.45,1.11,2.39,12.71,276.69,184.82,…,393.65,342.6
1989M05,18.02,18.35,15.65,20.05,792,406,…,460,…,…,2.43,1.15,2.34,11.68,264.49,180.18,…,414.83,346.22
1989M06,17.63,17.5,15.4,20,802,373,…,464,…,…,2.44,1.16,2.23,11.13,260.38,198.12,…,526.4,342.51
1989M07,17.67,17.75,15.5,19.75,806,331,…,447,…,…,2.49,1.14,2.35,10.89,272.43,204.59,…,532.01,371.66
1989M08,16.88,17.1,15,18.55,820,309,…,404,…,…,2.55,1.13,2.31,10.41,269.15,197.75,…,537.17,370.28
1989M09,17.67,17.8,15.6,19.6,798,323,…,410,…,…,2.65,1.12,2.3,9.81,265.44,188.68,…,538.89,353.32
1989M10,18.42,19,16.15,20.1,813,321,…,419,…,…,2.74,1.08,2.35,9.78,276.33,187.17,…,555.11,352.99
1989M11,18.37,19.15,16.15,19.8,868,301,…,433,…,…,2.84,1.05,2.34,9.85,281.35,184.26,…,545.77,336.19
1989M12,19.35,19.85,17.1,21.1,877,267,…,429,…,…,2.88,1.05,2.39,9.52,294.34,178.66,…,571.53,327.16
1990M01,20.35,20.95,17.45,22.65,903,279,…,417,…,…,2.78,1.05,2.46,9.76,303.83,176.16,533,571.44,317.04
1990M02,19.6,19.9,16.8,22.1,933,271,…,428,…,…,2.46,1.07,2.56,9.98,324.97,174.83,533,584.67,314.37
1990M03,18.22,18.45,15.8,20.4,971,286,…,442,…,…,2.48,1.11,2.51,10.67,321.47,160.26,533,581.7,314.38
1990M04,16.55,16.75,14.3,18.6,938,267,…,440,…,…,2.47,1.08,2.63,10.8,326.31,161.2,533,565.3,312.36
1990M05,16.58,16.7,14.6,18.45,919,281,…,449,…,…,2.48,1.08,2.71,11.02,337.58,172.86,533,507.42,350.12
1990M06,15.27,15.7,13.25,16.85,931,272,…,435,…,…,2.5,1.11,2.72,11.35,335.4,181.67,533,510.88,373.94
1990M07,17.17,17.55,15.3,18.65,925,279,…,437,…,…,2.56,1.1,2.77,10.95,345.42,187.96,533,501.37,378.48
1990M08,26.4,27.05,25,27.15,963,291,…,460,…,…,2.65,1.1,2.66,10.01,360.32,186.13,533,503.08,364.6
1990M09,32.7,34.1,30.3,33.7,991,284,…,461,…,…,2.7,1.09,2.7,10.28,361.39,185.33,533,503.32,384.92
1990M10,34.5,36.05,31.55,35.9,1012,290,…,468,…,…,2.59,1.07,2.77,11.19,369.74,189.76,533,520.85,409.31
1990M11,31.08,33,27.95,32.3,1040,331,…,455,…,…,2.53,1.07,2.74,11.75,369.96,179.02,533,529.42,375.74
1990M12,26.13,28,23.25,27.15,1038,346,…,476,…,…,2.55,1.05,2.65,11.75,365.15,171.13,533,517.53,363.16
1991M01,22.58,23.65,19.4,24.7,1013,349,…,455,…,…,2.59,1.05,2.63,12.02,360.57,169.19,…,515.09,362.26
1991M02,18.13,19.4,14.45,20.55,1027,338,…,445,…,…,2.73,1.08,2.66,12.65,367.11,176.93,…,513.3,371.7
1991M03,18.07,19.45,14.85,19.9,1022,348,…,453,…,…,2.59,1.07,2.45,13.14,338.84,162.57,…,523.01,364.43
1991M04,18.47,19.25,15.35,20.8,986,319,…,460,…,…,2.61,1.06,2.3,13.34,303.85,175.59,…,551.34,368.34
1991M05,18.82,19.3,15.9,21.25,937,318,…,444,…,…,2.63,1.06,2.31,13.2,300.79,174.04,…,540.19,365.84
1991M06,17.93,18.2,15.4,20.2,919,311,…,440,…,…,2.7,1.05,2.2,13.12,288.87,200.15,…,558.26,361.26
1991M07,19.05,19.45,16.25,21.45,930,341,…,431,…,…,2.69,1.07,2.15,10.62,288.21,207.82,…,557,365.92
1991M08,19.37,19.75,16.65,21.7,929,338,…,457,…,…,2.64,1.05,2.18,9.94,295.09,210.57,…,568.58,363.6
1991M09,20.05,20.5,17.8,21.85,844,323,…,468,…,…,2.74,1.05,2.23,10.31,302.77,210.68,…,589.13,375.24
1991M10,21.47,22.2,18.95,23.25,799,345,…,485,…,…,2.72,1.06,2.22,10.17,303.66,214.44,…,573.06,386.32
1991M11,20.77,21.25,18.45,22.6,718,362,…,466,…,…,2.71,1.04,2.28,10.12,316.06,195.5,…,573.89,389.42
1991M12,17.75,18.4,15.3,19.55,614,376,…,442,…,…,2.61,1.04,2.37,9.92,326.73,200.33,…,567.39,394.19
1992M01,17.38,18.15,15.2,18.8,619,383,…,429,…,…,2.57,1.05,2.44,10.03,325.27,202.85,…,577.78,403.71
1992M02,17.62,18.1,15.75,19,605,382,…,414,…,…,2.52,1.03,2.52,10.17,317.54,214.04,…,599.19,396
1992M03,17.45,17.6,15.8,18.95,595,396,…,434,…,…,2.45,1.04,2.48,10.47,310.3,201.96,…,602.24,380.56
1992M04,18.63,18.95,16.7,20.25,616,402,…,425,…,…,2.38,1.04,2.55,10.64,313.96,199.67,…,616.38,361.72
1992M05,19.5,19.9,17.6,21,651,390,…,439,…,…,2.38,1.04,2.78,10.71,321.14,200.75,…,628.68,338.52
1992M06,20.83,21.15,19,22.35,665,404,…,456,…,…,2.33,1.05,2.73,10.78,330.28,205.11,…,610.8,346.98
1992M07,20.17,20.25,18.5,21.75,644,382,…,429,…,…,2.35,1.06,2.83,11,347.83,201.08,…,609.62,350.18
1992M08,19.62,19.75,17.8,21.3,600,382,…,409,…,…,2.45,1.08,2.91,11.74,355.34,197.25,…,607.44,348.35
1992M09,20.15,20.25,18.3,21.9,562,391,…,421,…,…,2.44,1.08,2.8,12.21,355.41,205.53,…,606.17,358.54
1992M10,20.08,20.3,18.25,21.7,565,396,…,418,…,…,2.5,1.06,2.52,11.73,347.86,220.2,…,600.25,421.35
1992M11,18.88,19.2,17.1,20.35,575,413,…,437,…,…,2.54,1.09,2.55,11.05,325.92,220.08,…,623.69,419.79
1992M12,17.93,18.15,16.25,19.4,622,401,…,436,…,…,2.54,1.09,2.72,10.91,324.49,245.58,…,604.35,443.44
1993M01,17.22,17.4,15.2,19.05,621,410,…,444,…,…,2.35,1.11,2.69,11.24,319.27,249.97,…,605.36,511.96
1993M02,18.17,18.45,16,20.05,611,425,…,433,…,…,2.39,1.13,2.59,11.55,314.53,286.7,…,618.11,611.77
1993M03,18.47,18.75,16.3,20.35,602,408,…,438,…,…,2.53,1.15,2.7,11.66,312.78,345.34,…,616.81,700.44
1993M04,18.43,18.65,16.35,20.3,623,392,…,448,…,…,2.59,1.18,2.91,11.64,324.24,463.41,…,645.42,738.14
1993M05,18.17,18.5,16,20,685,371,…,448,…,…,2.68,1.24,3.03,11.6,323.33,520.81,…,776.64,751.81
1993M06,17.47,17.65,15.6,19.15,712,356,…,461,…,…,2.74,1.23,3.02,11.24,314.45,493.82,…,803.58,745.3
1993M07,16.32,16.8,14.25,17.9,773,362,…,505,…,…,2.82,1.25,3.03,10.96,299.97,467.02,…,829.76,696.18
1993M08,16.48,16.7,14.75,18,858,356,…,483,…,…,2.8,1.28,2.88,10.8,295.23,450.47,…,835.61,703.88
1993M09,15.9,16,14.2,17.5,845,352,…,489,…,…,2.73,1.27,3.11,11.19,308.36,384,…,851.11,664.86
1993M10,16.52,16.6,14.8,18.15,807,333,…,491,…,…,2.67,1.23,2.98,11.68,304.38,378.13,…,851.34,617.28
1993M11,15.2,15.15,13.7,16.75,808,357,…,536,…,…,2.64,1.21,2.97,11.52,299.54,333.36,…,835.18,602.97
1993M12,13.77,13.6,12.15,15.55,924,411,…,589,…,…,2.46,1.18,2.98,11.6,307.76,304.66,…,830.08,592.53
1994M01,14.13,14.25,13.15,15,993,404,…,602,…,…,2.42,1.16,3.02,11.71,304.03,294.84,…,773.48,564.97
1994M02,13.78,13.8,12.8,14.75,1011,387,…,577,…,…,2.49,1.18,2.96,11.71,304.74,303.35,…,758.99,600.26
1994M03,13.62,13.95,12.25,14.65,1013,395,…,586,…,…,2.69,1.22,2.96,12.29,311.57,310.48,…,771.98,617.1
1994M04,15.08,15.15,13.8,16.3,1030,434,…,584,…,…,2.63,1.23,2.93,12.73,309.59,326.24,…,819.93,647.05
1994M05,16.28,16.2,14.8,17.85,1020,488,…,594,…,…,2.39,1.3,2.98,12.79,318.06,343.5,…,851.58,637.21
1994M06,17.17,16.75,15.7,19.05,1014,508,…,571,…,…,2.23,1.31,2.96,13.28,331.2,344.6,…,876.93,629.58
1994M07,17.88,17.6,16.4,19.65,1017,494,…,560,…,…,2.19,1.28,2.96,13.87,343.77,331.98,…,875.75,649.7
1994M08,17,16.8,15.85,18.35,1018,575,…,600,…,…,2.2,1.23,2.97,14.14,344.81,316.74,…,885.13,630.99
1994M09,16.2,15.9,15.25,17.45,1018,614,…,672,…,…,2.21,1.24,2.97,13.63,347.76,299.92,…,861.98,566.5
1994M10,16.47,16.4,15.35,17.65,1029,616,…,642,…,…,2.12,1.2,3.04,13.92,354.51,291.55,…,805.97,567.91
1994M11,17.08,17.2,15.95,18.1,1048,707,…,706,…,…,2.19,1.14,3.03,13.61,351.43,279.43,…,792.71,562.7
1994M12,15.94,15.96,14.7,17.16,1062,719,…,693,…,…,2.23,1.13,2.94,13.23,341.65,247.96,…,778.01,539.99
1995M01,16.9,16.63,16.08,17.99,1054,655,…,674,…,…,2.13,1.13,2.75,13.45,341,248.42,632.76,793.79,551.01
1995M02,17.42,17.08,16.64,18.53,1025,661,…,663,…,…,2.16,1.13,2.71,13.7,334.12,251.8,621.55,753.2,599.11
1995M03,17.35,17.01,16.49,18.54,990,687,…,652,…,…,2.04,1.14,2.73,14.04,346.84,283.1,642.14,713.58,656.48
1995M04,18.65,18.67,17.4,19.87,981,625,…,610,…,…,1.92,1.13,2.63,14.41,350.64,300.91,639.7,730.82,665.11
1995M05,18.42,18.38,17.25,19.64,973,611,…,595,…,…,1.75,1.15,2.53,14.88,340.95,285.43,635.25,750.77,635.41
1995M06,17.36,17.35,16.24,18.5,965,631,…,611,…,…,1.66,1.19,2.53,14.88,345.78,274.22,625.46,759.11,627
1995M07,16.08,15.86,14.97,17.42,969,655,…,626,…,…,1.63,1.24,2.54,14.55,351.79,259.57,615.64,752.32,584.72
1995M08,16.47,16.07,15.37,17.96,980,616,…,616,…,…,1.69,1.31,2.52,13.45,341.96,235.66,583.34,741.72,560.56
1995M09,16.82,16.78,15.65,18.03,981,586,…,614,…,…,1.76,1.34,2.56,12.21,337.09,221.73,565.66,728.7,527.43
1995M10,16.12,16.12,14.92,17.33,990,615,…,638,…,…,1.82,1.29,2.67,12.24,344.06,233.86,546.45,723.49,526.55
1995M11,16.74,16.88,15.56,17.79,995,607,…,623,…,…,1.94,1.32,2.65,12.43,337.67,230.96,521.85,716.07,539.65
1995M12,17.87,17.96,16.81,18.83,988,590,…,579,…,…,1.91,1.29,2.62,12.21,302.2,241.78,523.81,715.85,540.2
1996M01,17.8,17.94,16.57,18.89,959,535,686,554,…,…,1.86,1.29,2.61,11.98,279.69,234.29,519.42,719.35,529.12
1996M02,17.7,17.97,16.05,19.07,925,518,716,548,…,…,1.81,1.25,2.63,12.1,272.78,246.43,505.89,713.66,548.59
1996M03,19.4,19.99,17.05,21.16,911,519,715,538,…,…,1.72,1.22,2.64,12.02,271.79,253.01,504.04,728.67,529.22
1996M04,20.66,21.01,17.77,23.2,895,562,755,582,…,…,1.72,1.24,3.09,12.9,270.27,252.48,489.62,751.37,521.11
1996M05,19.06,19.12,16.99,21.08,897,552,775,591,…,…,1.7,1.33,3.34,13.93,279.31,261.65,481.57,753.1,535.48
1996M06,18.51,18.27,17,20.27,904,508,762,563,…,…,1.65,1.43,3.53,14.15,280.1,255.85,502.24,747.9,523.62
1996M07,19.59,19.61,17.79,21.36,902,476,734,549,…,…,1.68,1.46,3.55,13.56,284.68,259.69,520.28,743.97,521.39
1996M08,20.44,20.58,18.77,21.97,885,513,725,565,…,…,1.76,1.47,3.51,13.12,286.56,263.48,513.83,743.43,538.27
1996M09,22.26,22.59,20.26,23.92,879,545,707,569,…,…,1.75,1.47,3.47,13.09,282.74,258.69,506.99,755.31,537.61
1996M10,23.61,24.18,21.71,24.94,874,532,693,528,…,…,1.79,1.45,3.59,13.12,300,252.67,503.22,758.93,525.09
1996M11,22.39,22.64,20.87,23.66,868,550,721,517,…,…,1.77,1.45,3.77,13.65,303.54,253.21,558.12,753.66,526.22
1996M12,23.62,23.9,21.65,25.32,868,561,747,514,…,…,1.79,1.44,3.79,13.83,300.38,233.76,543.65,726.85,518.62
1997M01,23.23,23.47,21.28,24.93,874,567,754,534,…,…,1.77,1.42,3.79,13.89,286.14,240.56,516.9,743.82,499.93
1997M02,20.42,20.83,18.6,21.83,886,580,757,527,…,…,1.84,1.38,3.67,13.89,282.95,235.18,530.52,753.28,487.78
1997M03,19.33,19.21,18.09,20.69,896,559,730,541,…,…,2.04,1.36,3.5,14,279.74,242.04,542.01,756.64,497.39
1997M04,17.88,17.47,16.77,19.4,938,562,705,541,…,…,2,1.35,3.31,14.41,277.66,240.16,555.31,749.83,486.03
1997M05,19.37,19.14,18.46,20.5,981,553,668,541,…,…,1.9,1.34,3.34,14.64,278.6,252.18,600.72,747.56,512.65
1997M06,17.92,17.55,17.34,18.87,1047,533,635,550,…,…,1.76,1.34,3.33,14.88,283.07,264.32,591.87,744.94,525.38
1997M07,18.33,18.4,17.29,19.3,1096,498,594,535,…,…,1.8,1.35,3.35,14.92,283.77,254.34,570.85,705.71,512.34
1997M08,18.7,18.71,17.77,19.62,1093,504,556,544,…,…,1.84,1.38,3.22,15.45,285.71,244.23,556,649.01,500.42
1997M09,18.66,18.45,17.95,19.59,1083,525,603,555,…,…,1.79,1.39,3.21,15.58,283.77,232.74,581.89,595.34,479.11
1997M10,20.04,19.85,19.06,21.21,1083,547,619,611,…,…,1.76,1.31,3.27,15.26,295.98,227.39,585.46,533.26,454.33
1997M11,19.09,19,18.38,19.88,1090,556,611,676,…,…,1.83,1.27,3.39,15.14,293.52,214.79,576.77,519.4,439.04
1997M12,17.09,17,16.18,18.09,1058,566,590,622,…,…,1.85,1.23,3.33,15.1,286.14,211.1,554.6,475.52,425.1
1998M01,15,15.09,13.4,16.51,1055,621,590,625,…,…,1.82,1.22,3.23,15.32,287.66,197.1,534.22,413.36,409.42
1998M02,14.1,14.06,12.43,15.81,1029,659,620,634,…,…,1.79,1.23,3.1,15.4,287.8,202.54,526.26,504.15,412.69
1998M03,13.12,13.08,11.53,14.76,949,671,605,652,…,…,1.79,1.25,3.04,15.46,287.63,190.94,530.86,506.13,388.53
1998M04,13.5,13.39,11.79,15.32,928,688,643,662,…,…,1.79,1.27,2.97,15.79,287.67,166.49,534.24,505.98,372.14
1998M05,14.03,14.39,12.79,14.9,900,705,776,671,…,…,1.78,1.3,2.63,15.92,285.85,146.68,520.84,472.69,362.69
1998M06,12.48,12.06,11.67,13.71,891,633,700,629,…,…,1.7,1.38,2.57,15.28,274.49,137.41,515.71,451.42,348.59
1998M07,12.7,12.01,11.98,14.11,874,661,694,612,…,…,1.67,1.48,2.43,14.26,273.82,134.96,510.3,437.54,348.53
1998M08,12.49,11.88,12.18,13.4,862,674,692,592,…,…,1.66,1.56,2.45,13.78,275.22,136.94,512.91,455.57,335.25
1998M09,13.8,13.36,13.07,14.98,852,703,697,615,…,…,1.64,1.57,2.66,13.12,289.13,150.19,534.45,503.5,349.2
1998M10,13.26,12.56,12.81,14.42,850,694,714,614,…,…,1.64,1.52,2.75,12.41,300.27,162.95,555.05,510.49,379.23
1998M11,11.88,10.92,11.76,12.96,862,681,746,614,…,…,1.66,1.48,2.63,12.02,292.65,159.45,523.22,513.99,389.78
1998M12,10.41,9.8,10.12,11.31,861,663,763,591,…,…,1.66,1.43,2.54,12.13,294.64,163.46,517.85,534.97,416.59
1999M01,11.44,11.06,10.78,12.49,952.71,632,744,541.63,…,…,1.71,1.39,2.5,12.13,291.19,176.22,508.92,538.46,441.77
1999M02,10.75,10.2,10.05,12.01,889.57,561,709,482.36,…,…,1.79,1.35,2.46,12.02,281.84,177.12,444.11,538.46,420.02
1999M03,13.17,12.47,12.37,14.66,752.45,497,661,444.36,…,…,1.76,1.3,2.46,12.24,273.74,172.52,431.34,555.94,417.44
1999M04,15.87,15.3,14.96,17.34,663.89,509,776,442.68,…,…,1.72,1.27,2.54,12.24,269.25,175.18,424.28,559.44,434.04
1999M05,16.06,15.14,15.3,17.75,762.17,475,755,421.5,…,…,1.73,1.31,2.67,12.24,251.31,176.52,429.66,580.42,425.69
1999M06,16.39,15.77,15.52,17.89,836.25,392,656,405.88,…,…,1.72,1.34,2.68,12.35,245.21,183.55,419.23,608.39,430.1
1999M07,18.99,19.01,17.88,20.07,859.8,319,571,391.4,…,…,1.78,1.35,2.64,12.35,243.83,186.53,424.74,625.87,423.55
1999M08,20.27,20.22,19.34,21.25,849.78,354,689,412.37,…,…,1.92,1.33,2.69,12.35,250.46,198.44,444.37,629.37,441.76
1999M09,22.7,22.4,21.84,23.86,848.78,388,710,413.93,…,…,1.87,1.34,2.68,11.9,247.15,202.78,456.18,643.36,455.51
1999M10,21.95,21.95,21.26,22.64,888.15,381,684,399.53,…,…,1.85,1.29,2.72,12.13,269.28,198.38,481.44,643.36,462.38
1999M11,24.16,24.59,23.05,24.85,924.94,370,693,387.31,…,…,1.93,1.29,2.67,12.68,307.48,198.59,504.59,643.36,466.86
1999M12,25.1,25.59,23.63,26.08,765.61,354,681,374.67,…,…,1.94,1.29,2.61,13.56,300.54,199.49,493.2,643.36,467.47
2000M01,25.31,25.38,23.28,27.27,676.08,348,628,369.79,…,…,1.95,1.28,2.73,14,301.32,193.08,509.93,643.36,456.44
2000M02,27.22,27.7,24.68,29.28,687.63,332,580,357.94,…,…,1.96,1.27,2.7,14.11,292.31,184.11,494.69,643.36,439.12
2000M03,27.49,27.47,25.08,29.92,733.28,349,556,363.49,…,…,1.98,1.26,2.7,14.44,286.74,190.87,499.96,636.36,448.84
2000M04,23.47,22.54,22.03,25.84,789.81,372,557,366.24,…,…,1.98,1.26,2.7,14.66,281.41,194.19,490.67,636.36,455.05
2000M05,27.19,27.34,25.39,28.83,793.66,324,483,337.97,…,…,1.99,1.27,2.56,14.88,269.19,189.5,469.35,629.37,444.04
2000M06,29.62,29.68,27.32,31.86,783.14,315,436,330.17,…,…,1.93,1.3,2.57,14.66,282.14,194.18,506.4,629.37,450
2000M07,28.18,28.53,26.03,29.97,771.62,312,401,339.3,…,…,1.9,1.32,2.58,14.77,279.3,191.07,501.31,604.9,443.83
2000M08,29.26,29.43,27.05,31.31,754.36,306,366,328.92,…,…,1.89,1.33,2.58,14.11,278.19,191.08,506.45,604.9,443.86
2000M09,32.08,32.62,29.74,33.89,760.59,288,326,312.49,…,…,1.81,1.36,2.48,13.56,259.19,193.57,471.86,541.96,459.01
2000M10,31.4,30.93,30.22,33.05,754.58,255,318,314.02,…,…,1.82,1.36,2.54,13.01,254.12,189.44,462.63,538.46,452
2000M11,32.33,32.52,30.1,34.37,769.61,257,354,316.78,…,…,1.97,1.36,2.59,13.01,254.56,188.11,469.95,517.48,449.99
2000M12,25.2,25.13,22.09,28.4,806.79,265,317,320.57,…,…,1.93,1.36,2.69,13.01,266.63,180.16,485.41,510.49,436.7
2001M01,25.96,25.64,22.69,29.55,815.71,254,304,304.81,…,…,1.93,1.36,2.78,13.78,278.89,171.87,507.72,496.5,427
2001M02,27.24,27.41,24.74,29.57,811.08,240,269,303.78,…,…,1.92,1.36,2.86,14,274,173.43,492.13,500,439.51
2001M03,25.02,24.4,23.43,27.24,780.64,254,278,327.63,…,…,1.98,1.37,2.94,13.89,268.46,166.15,481.85,500,421.06
2001M04,25.72,25.64,24.09,27.42,744.85,251,281,326.01,…,…,1.98,1.37,3,14.77,265.14,162.52,469.1,500,411.86
2001M05,27.55,28.45,25.58,28.61,727.53,234,292,295.17,…,…,2.01,1.39,2.92,15.21,259.8,165.05,452.99,482.52,410.07
2001M06,26.97,27.72,25.61,27.56,727.53,255,312,286.89,…,…,2.05,1.4,2.81,14.22,253.62,164.75,455.21,475.52,409.32
2001M07,24.8,24.54,23.43,26.44,723.02,330,352,421.36,…,…,2.12,1.42,2.76,15.98,255.79,159.29,459.12,465.03,393.1
2001M08,25.82,25.7,24.32,27.45,738.07,362,350,427.49,…,…,2.21,1.45,2.77,14.22,267.62,158.99,480.34,475.52,402.94
2001M09,25.21,25.54,23.96,26.12,749.57,310,316,385.09,…,…,2.36,1.47,2.99,13.01,270.79,156.31,486.04,489.51,411.85
2001M10,20.73,20.48,19.54,22.18,761.6,277,281.65,373.03,…,…,2.27,1.45,3.01,11.9,269.26,149.64,469.48,461.54,404.02
2001M11,18.69,18.94,17.53,19.59,759.59,323,318.77,390.69,…,…,2.28,1.42,3.03,11.68,264.05,142.5,453.62,461.54,400.63
2001M12,18.52,18.6,17.64,19.31,771.62,359.5,309.19,396.87,…,…,2.16,1.39,3.08,11.46,265.21,138.13,455.61,468.53,386.33
2002M01,19.15,19.49,18.29,19.69,684.39,373.8,328.57,389.18,…,…,2.21,1.39,3.12,11.79,262.52,133.28,450.38,468.53,369.35
2002M02,19.98,20.29,18.91,20.72,617.29,352.98,356,364.92,423.45,578,2.23,1.39,3.11,11.9,220.54,134.58,443.71,486.01,366.99
2002M03,23.64,23.69,22.85,24.38,598.92,359,353.24,359.21,415.85,557,2.35,1.38,3.1,11.9,221.06,143.81,446.64,486.01,373.49
2002M04,25.43,25.65,24.41,26.24,590.24,360.07,405,370.86,410.77,552,2.25,1.38,3.15,11.24,223.56,143.94,451.74,503.5,373.84
2002M05,25.67,25.39,24.59,27.04,599.56,384.91,418.3,399.89,414.82,574,2.12,1.4,3.18,11.02,225.66,153.43,472.22,503.5,391.35
2002M06,24.49,24.13,23.83,25.51,645.95,426.13,439,456.81,451.04,595,2.06,1.41,3.24,10.14,236.97,163.55,496.64,524.48,404.54
2002M07,25.75,25.77,24.57,26.92,704.52,422.22,432.61,489.63,477.29,…,2.13,1.42,3.39,10.03,242.61,178.82,515.86,541.96,431.96
2002M08,26.78,26.63,25.32,28.37,758.59,446.09,433.36,502.75,521.14,610,2.1,1.41,3.37,9.26,236.83,181.94,508.42,559.44,432.75
2002M09,28.28,28.34,26.83,29.67,794.71,424.76,414.57,505.67,525.01,…,2.04,1.41,3.44,9.15,235.65,181.95,509.92,566.43,427.45
2002M10,27.53,27.55,26.18,28.85,816.19,427.24,423.09,528.57,539.31,…,1.9,1.39,3.47,9.48,237.33,179.88,505.12,566.43,415.78
2002M11,24.54,24.18,23.16,26.28,870.83,465.02,456.48,582,593.04,…,1.91,1.36,3.51,9.48,243.72,183.47,515.88,552.45,424.07
2002M12,27.89,28.52,25.7,29.44,952,488.52,489.95,591.03,616.49,…,2.01,1.36,3.57,9.26,245.86,182.22,519.61,563,421.19
2003M01,30.75,31.25,28.05,32.95,970.03,486.11,491.65,540.72,623.72,612,2.04,1.37,3.6,9.59,260.18,187.78,536.29,552.45,421.39
2003M02,32.88,32.65,30.2,35.8,1016.45,476.95,472.75,522.43,585.76,595,1.99,1.39,3.58,10.14,263.93,186.81,544.02,548.95,419.21
2003M03,30.36,30.34,27.42,33.32,1039.32,453.55,429.14,522.52,551.92,565,2.02,1.41,3.52,10.14,264.7,184.18,545.6,559.44,421.81
2003M04,25.56,25.02,23.43,28.22,1064.23,443.02,395.23,540.9,557.22,578,1.97,1.4,3.5,11.46,265.72,180,542.29,559.44,417.4
2003M05,26.06,25.81,24.25,28.13,1147.41,453.82,409.23,549.24,607.17,595,1.88,1.42,3.74,11.9,283.4,183.88,578.36,552.45,426.39
2003M06,27.92,27.55,25.5,30.71,1234.59,466.21,435.14,545.85,612.27,609,1.87,1.45,4.03,12.02,285.7,182.34,572.08,552.45,422.82
2003M07,28.59,28.4,26.63,30.75,1261.43,457.72,414.65,531.41,582.56,575,1.91,1.49,3.94,12.02,278.59,181.67,556.94,552.45,421.26
2003M08,29.68,29.83,27.62,31.58,1299.68,439.36,401.48,515.69,553.48,543,2.11,1.51,3.92,11.49,272.82,181.46,534.5,559.44,420.78
2003M09,26.88,27.1,25.27,28.28,1329.79,440.91,429.27,558.02,564.09,545,2.27,1.53,3.98,10.62,274.81,187.19,532.79,545.45,434.07
2003M10,29.01,29.59,27.13,30.32,1359.2,515.07,500.7,608.26,615.82,615,2.33,1.51,4.16,10.21,292.29,196.77,549.51,545.45,456.29
2003M11,29.12,28.77,27.5,31.09,1388.91,548,521.75,630.62,620.32,628,2.59,1.51,4.22,10,298.33,197.46,549.86,545.45,457.89
2003M12,29.97,29.93,27.86,32.12,1402.33,539.72,583.48,637.36,648.67,660,2.55,1.52,4.42,9.74,313.36,196.44,577.32,538.46,463.24
2004M01,31.37,31.18,28.68,34.24,1433,527.23,569.45,656.97,675.49,689,2.54,1.53,4.39,10.2,315.3,199.06,592.77,538.46,469.43
2004M02,31.33,30.87,28.4,34.73,1433,564.13,614,682.08,704.51,731,2.39,1.58,4.73,10.31,325.61,199,594.32,552.45,469.27
2004M03,33.67,33.8,30.46,36.73,1356.32,583.52,678.7,689.43,687.6,712,2.34,1.61,4.63,10.52,315.72,195.2,539.48,552.45,460.31
2004M04,33.71,33.36,31.07,36.71,1322.77,575.05,737.05,672.46,644.98,696,2.43,1.65,4.57,10.69,308.72,197.96,527.37,552.45,466.82
2004M05,37.56,37.92,34.47,40.29,1322.77,537.17,724.29,627.96,700.61,684,2.68,1.69,4.49,10.6,319.41,188.43,563.94,587.41,444.36
2004M06,35.54,35.19,33.41,38.03,1264.65,471.2,639.45,581.74,699.96,632,2.76,1.76,4.55,10.4,323.17,198.62,570.47,590.91,456.76
2004M07,37.89,38.37,34.48,40.82,1247.11,454.77,637.73,605.08,650.92,624,2.81,1.78,4.59,10.5,326.55,200.45,588.7,594.41,457.19
2004M08,42.08,43.03,38.3,44.92,1234.59,458.14,640.68,604.65,667.68,632,2.92,1.77,4.53,9.79,331.8,198.65,584.39,594.41,453.08
2004M09,41.6,43.38,35.48,45.93,1213.59,468.09,669.09,601.6,657.92,657,2.93,1.72,4.51,9.41,339.29,199.27,610.86,594.41,454.51
2004M10,46.88,49.82,37.58,53.25,1212.54,451.26,657.05,583.49,668.92,701,2.79,1.68,4.58,9.41,346.97,197.96,624.35,601.4,459.04
2004M11,42.13,43.05,34.88,48.45,1225.57,454.61,664.91,561.19,684.68,727,2.77,1.65,4.71,9.79,360.91,202.13,610.5,608.39,476.66
2004M12,39.04,39.64,34.26,43.23,1233.63,446.2,657,552.06,709.72,724,2.71,1.62,4.89,9.81,362.21,190.35,629.65,608.39,510.42
2005M01,42.97,44.28,37.81,46.82,1234.59,418.86,641.19,519.98,683.88,699,2.69,1.62,4.76,9.8,353.97,191.43,603.43,636.36,513.33
2005M02,44.82,45.56,40.94,47.96,1234.59,422.63,649.4,495.73,647.24,695,2.7,1.63,4.79,9.7,351.44,191.02,598.57,636.36,514.87
2005M03,50.94,53.08,45.58,54.17,1234.59,458.13,722.61,543.69,663.64,714,2.75,1.63,4.8,9.7,355.88,193.65,593.49,646.85,517.51
2005M04,50.64,51.86,47.1,52.96,1223.04,457.86,684.33,545.88,651.7,695,2.74,1.63,4.72,9.62,323.49,194.15,569.25,643.36,507.64
2005M05,47.83,48.67,45,49.81,1212.54,450,648.09,537.98,652.57,700,2.77,1.64,4.54,9.48,342.45,202.52,571.13,657.34,519.12
2005M06,53.89,54.31,50.98,56.39,1198.51,451.7,644,560.15,642.01,706,2.78,1.64,4.39,9.59,328.28,203.12,547.39,657.34,510.9
2005M07,56.37,57.58,52.85,58.67,1178.95,454.52,614.52,561.26,645.33,708,2.81,1.65,4.23,9.91,328.29,205.53,541.31,657.34,495.96
2005M08,61.89,64.09,56.63,64.96,1165.1,448.48,555.22,550.08,654.17,682,2.76,1.65,4.33,9.63,334.96,211.94,553.14,664.34,510.29
2005M09,61.69,62.98,56.54,65.54,1168.45,453.64,576.14,545.16,687.82,683,2.75,1.66,4.32,9.64,330.92,216.8,545.31,671.33,513.25
2005M10,58.19,58.52,53.67,62.36,1129.08,467.5,623.33,578.62,734.38,646,2.7,1.64,4.2,9.85,324.41,211.27,534.63,671.33,496.44
2005M11,55.04,55.54,51.31,58.28,1036.17,466.7,620.23,558.93,727.47,598,2.7,1.6,4.1,9.75,318.21,205.47,524.42,685.31,498.28
2005M12,56.43,56.75,53.13,59.41,1036.17,456.75,590.8,537.66,711.64,602,2.65,1.57,4.1,9.81,320.12,210.52,527.57,685.31,505.74
2006M01,62.46,63.57,58.31,65.48,1029.16,459.05,606.02,535.83,728.91,591,2.62,1.54,4.02,9.76,323.76,221,586.95,713.29,519.7
2006M02,59.7,59.92,57.58,61.62,993.18,473.9,621.13,533.27,716.23,595,2.65,1.53,3.98,9.81,316.37,222.54,578.99,713.29,530.18
2006M03,60.93,62.25,57.65,62.89,961.89,472.52,590,540.6,738.57,606,2.62,1.51,3.88,9.81,306.51,225.16,582.94,713.29,537.03
2006M04,67.97,70.44,64.06,69.41,936.96,475.9,573.75,540.44,773.72,659,2.6,1.49,3.93,9.91,312.91,229.39,588.5,720.28,545.55
2006M05,68.68,70.19,64.91,70.93,936.96,483.72,558.26,588.29,828.42,679,2.62,1.5,4.2,10.34,325.62,244.17,643.2,759.9,576.63
2006M06,68.29,68.86,65.08,70.93,957.01,478.16,534.77,600.55,829.91,666,2.57,1.52,4.19,10.49,309.93,238.46,621.57,749.27,611.17
2006M07,72.45,73.9,69.05,74.4,990.51,499.21,555.71,630.01,820.58,647,2.62,1.54,4.14,10.45,312.34,236.12,621.88,749.62,635.42
2006M08,71.81,73.61,68.78,73.04,1041.92,534.26,566.85,632.18,809.12,666,2.66,1.55,4.12,9.65,317.07,240.03,637.42,769.3,638.59
2006M09,62.12,62.77,59.77,63.82,1079.22,511.24,543.57,602.35,785.73,669,2.68,1.56,4,9.12,314.99,246.47,639.5,766.66,640.98
2006M10,57.91,58.38,56.5,58.85,1102.31,514.18,557.61,614.71,784.4,666,2.69,1.54,3.98,8.68,316.85,245.32,642.02,762.07,632.07
2006M11,58.14,58.48,56.82,59.13,1102.31,571.57,594.43,675.67,822.39,722,2.77,1.52,3.95,8.6,328.47,256.02,656.75,776.99,639.13
2006M12,60.99,62.31,58.67,62,1102.31,625.88,640.71,698.12,854.31,730,2.7,1.53,4.06,8.64,336.93,268.46,674.66,798.18,640.31
2007M01,53.52,54.3,52.01,54.24,1071.64,637.59,649.13,697.33,823.02,719,2.69,1.57,3.98,8.76,358.74,262.27,721.83,796.35,622
2007M02,57.56,57.76,55.68,59.25,1016.33,645.2,676.75,715.04,790.39,709,2.71,1.63,3.94,8.82,375.22,262.56,720.93,795.36,622.68
2007M03,60.6,62.14,59.05,60.6,1055.21,660.93,701.14,719.03,771.51,713,2.69,1.68,3.9,9.03,380.05,269.66,717.4,791.45,643.78
2007M04,65.06,67.4,63.84,63.94,1078.17,743.45,797.26,753.7,808.43,755,2.69,1.72,4,9.42,387.91,266.04,733.13,808.81,635.15
2007M05,65.16,67.48,64.54,63.45,1169.41,816.09,866.85,788.7,844.71,831,2.7,1.75,3.99,9.68,373.59,261.95,724.05,806.21,641.1
2007M06,68.19,71.32,65.76,67.49,1268.18,833.19,968.33,835.55,867.68,916,2.68,1.78,3.99,9.93,356.95,257.91,718.08,807.06,642.65
2007M07,73.6,77.2,69.46,74.14,1404.95,854.52,919.55,887.12,925.81,999,2.67,1.79,4.09,10.19,364.85,263.05,744.48,826.41,645.62
2007M08,70.13,70.8,67.21,72.38,1472.3,830.65,904.02,921.79,958.29,1114,2.69,1.79,4.11,10.07,371.2,270.93,744.85,816.74,646.82
2007M09,76.76,77.13,73.25,79.91,1523.39,851.63,926.63,977.48,1044.75,1279,2.69,1.8,4.3,9.92,378.67,274.96,779.39,819.62,647.74
2007M10,81.97,82.86,77.14,85.9,1633.34,926.2,999.67,1007.69,1146.97,1358,2.67,1.76,4.39,9.92,387.7,271.68,801.24,812.95,648
2007M11,91.34,92.53,86.73,94.76,1829.84,998.57,1115,1141.52,1252.43,1401,2.72,1.71,4.43,10.12,422.05,279.41,865.98,806.27,647.16
2007M12,89.52,91.45,85.75,91.36,1978.91,1002.22,1136.53,1187.73,1336.75,1469,2.73,1.69,4.31,10.3,418.95,275.34,846.71,788.33,645.91
2008M01,90.69,91.92,87.17,92.98,1984.16,1122.15,1278.18,1280.2,1390.42,1709,2.77,1.7,4.29,10.47,483.85,287.08,954.92,812.62,640.93
2008M02,93.39,94.82,89.96,95.38,1984.16,1268.63,1391.67,1414.17,1429.55,1839,2.89,1.74,4.52,10.47,545.69,288.4,1082.96,855.84,639.21
2008M03,101.84,103.28,96.78,105.47,2075.49,1377.22,1456.39,1488.74,1510.12,1863,3.01,1.79,4.79,10.47,562.84,304.85,1068.72,912.45,640.94
2008M04,108.76,110.19,103.47,112.62,2126.46,1320.11,1425.91,1422.23,1471.49,1838,3.16,1.81,4.89,10.47,558.94,291.76,1020.85,940.97,646.56
2008M05,122.63,123.94,118.95,125.01,2253.22,1326.45,1432.5,1437.87,1524.95,1962,3.51,1.84,4.95,10.47,552.27,282.97,1048.37,933.58,648.18
2008M06,131.52,133.05,127.59,133.93,2332.7,1293.21,1396.67,1535.16,1591.88,2045,3.66,1.89,4.95,10.73,552.13,272.29,1087.54,932.89,647.3
2008M07,132.83,133.87,131.22,133.38,2425.08,1213.48,1253.48,1506.98,1549.44,1692,3.93,1.95,5.01,11.19,559.62,275.76,1056.64,932.77,647.87
2008M08,114.57,113.85,113.21,116.64,2427.18,963.57,1064.29,1329.64,1352.83,1319,3.84,1.95,4.76,11.23,554.09,272.95,957.04,879.39,649.25
2008M09,99.66,99.06,95.97,103.94,2313.85,826.02,994.09,1201.02,1238.29,1176,3.56,1.95,4.54,10.6,531.67,284.47,909.77,888.76,648.82
2008M10,72.69,72.84,68.62,76.61,2119.44,635.75,750.65,942.53,1040.68,950,3.11,1.93,4.31,10.36,492.92,304.45,822.21,861.7,643.85
2008M11,53.97,53.24,51.38,57.29,1933.45,581.25,514.5,825.64,974.82,835,2.73,1.92,4.05,9.96,451.99,315.97,756.66,872.33,646.49
2008M12,41.34,41.58,41,41.44,1761.69,587.24,540.24,745.55,838.02,759,2.66,1.92,3.93,9.71,476.62,326.62,733.65,845.8,646.07
2009M01,43.86,44.86,44.97,41.74,1619.87,658.55,556,789.89,831.74,817,2.64,1.92,3.81,9.74,470.23,329.65,697.55,818.45,574.7
2009M02,41.84,43.24,43.14,39.15,1543.24,655.66,565.25,747.64,802.4,805,2.54,1.91,3.8,9.92,421.9,322.45,690.2,806.65,572.96
2009M03,46.65,46.84,45.58,47.52,1535.22,660.48,586.25,730.71,776.9,757,2.61,1.89,3.75,10.03,388.23,288.57,679.86,815.86,570.79
2009M04,50.28,50.85,50.18,49.81,1433,799.7,713.5,809.08,830.19,843,2.64,1.88,4.04,10.03,382.51,283.13,684.28,815.68,567.72
2009M05,58.15,57.94,57.4,59.13,1406.55,872.61,826.84,889.62,947.07,941,2.72,1.92,4.28,9.88,395.36,291.06,717.62,855.42,565.91
2009M06,69.15,68.62,69.21,69.62,1338.81,788.57,732.62,892.92,917.18,907,2.74,1.94,4.54,9.55,406.46,279.25,761.61,817.9,563.63
2009M07,64.67,64.91,64.97,64.12,1322.77,698.48,663.91,846.3,851.56,804,2.79,1.95,4.54,9.05,408.55,281.42,776.02,760.28,561.93
2009M08,71.63,72.5,71.32,71.06,1310.18,746.05,726.19,903.15,884.24,820,2.8,1.91,4.56,8.34,413.77,276.62,785.61,769.67,562.01
2009M09,68.35,67.69,67.91,69.44,1232.58,703.85,700.68,858.18,855.36,809,2.81,1.87,4.5,7.81,422.3,280.84,775.5,784.27,560.7
2009M10,74.08,73.19,73.28,75.77,1155.42,724.66,727.05,897,894.11,846,2.75,1.83,4.46,7.62,444.48,276.62,790.04,805.1,559.32
2009M11,77.55,77.04,77.63,78,1151.65,763.33,754.52,932.38,933.77,921,2.83,1.81,4.57,7.5,451.15,271.97,821.01,821.06,558.61
2009M12,74.88,74.67,75.49,74.49,1181.87,821.81,835.45,939.91,938.29,986,2.88,1.81,4.48,7.55,452.72,264.83,807.71,795.96,557.22
2010M01,77.12,76.37,76.64,78.36,1275.53,830.88,879.5,920.55,914.09,968,3.02,1.83,4.49,7.72,442.44,258.22,804.14,792.44,557.22
2010M02,74.76,74.31,73.56,76.41,1287.5,830,894,909.19,900.93,948,3.21,1.84,4.51,7.98,424.27,252.76,804.92,781,557.22
2010M03,79.3,79.27,77.37,81.25,1317.02,862.83,996.96,911.07,910.08,949,3.4,1.85,4.43,8.22,427.57,249.84,803.26,790.1,557.22
2010M04,84.18,84.98,83.09,84.48,1361.62,862.71,1021.05,902.83,909.13,924,3.66,1.88,4.56,8.49,429.65,246.04,818.07,820.21,564.66
2010M05,75.62,76.25,76.87,73.73,1366.87,855.31,1031.05,859.49,862.49,910,3.58,1.91,4.84,10.03,403.49,253.66,772.9,836.47,566.79
2010M06,74.73,74.84,73.98,75.35,1366.87,825.68,1050,860.28,876.07,889,3.33,1.92,5.2,12.39,390.78,260.84,770.4,841.09,567.5
2010M07,74.58,74.74,72.65,76.35,1366.87,844.43,1063.86,910.82,946.76,937,3.27,1.94,5.39,12.69,421.37,274.91,794.51,871.18,569.67
2010M08,75.83,76.69,74.18,76.6,1383.9,943.73,1171.14,997.62,1012.94,1074,3.41,1.94,6.85,11.97,425.61,294.67,813.67,892.18,571.82
2010M09,76.12,77.79,75.27,75.29,1426.71,948.88,1259.66,1035.26,1032.57,1114,3.39,1.93,7.24,11.73,432.02,310.91,827.12,875.96,575.35
2010M10,81.72,82.92,80.34,81.9,1471.32,1025.83,1420.95,1146.75,1149.51,1284,3.37,1.91,7.65,11.76,458.88,316.36,867.42,880.17,578.23
2010M11,84.53,85.67,83.7,84.24,1543.24,1131.36,1631.14,1231.69,1242.32,1441,3.5,1.88,8.06,12.2,450.17,313.32,843.82,901.45,581
2010M12,90.01,91.8,89.07,89.15,1644.45,1234.64,1829.55,1324.72,1382.99,1454,3.88,1.88,8.23,12.46,436.49,306.54,832.09,896.99,582.38
2011M01,92.69,96.29,92.37,89.41,1653.47,1303.57,2139.05,1365.73,1440.75,1492,4.19,1.87,8.27,12.52,441.28,315.32,827.83,907.78,584.49
2011M02,97.91,103.96,100.25,89.53,1653.47,1327.21,2307.63,1359.86,1403.14,1704.74,4.08,1.88,8.4,12.57,450.84,328.63,831.5,927.81,588.69
2011M03,108.65,114.44,108.58,102.92,1637.17,1241.74,1975.22,1306.53,1411.8,1636.96,4.19,1.9,8.97,12.65,462.6,334.76,840.07,929.22,592.22
2011M04,116.24,123.07,115.7,109.96,1631.42,1219.61,1906.32,1310.45,1447.42,1634.05,4.33,1.9,10.17,12.79,477.55,343.5,883.41,946.21,596.33
2011M05,108.07,114.46,108.46,101.28,1632.47,1230.12,1985.48,1296.03,1406.76,1644.09,4.16,1.91,10.28,12.64,487.24,385.25,862.51,958.13,605.63
2011M06,105.85,113.76,107.52,96.25,1700.57,1192.38,1761.75,1319.38,1401.82,1699.32,3.94,1.92,10.09,12.7,504.01,417.56,870.63,973.16,607.75
2011M07,107.92,116.46,109.98,97.31,1945.58,1183.45,1372.62,1337.36,1392.95,1672.38,3.94,1.93,9.84,12.77,521.63,430.49,832.59,969.42,612.71
2011M08,100.49,110.08,105.06,86.32,2076.18,1205.48,1377.83,1328.39,1350.5,1671.3,3.93,1.94,9.56,11.79,523.28,450.03,839.51,973.6,619.18
2011M09,100.82,110.88,106,85.58,2113.43,1137.25,1264.32,1307.85,1309.99,1591.59,3.83,1.96,9.59,11.24,500.43,453.63,797.22,952.68,631.09
2011M10,99.85,109.47,103.67,86.41,2116.44,1044.75,1082.62,1223.1,1270.51,1483.81,3.92,1.96,9.59,11.13,500.98,435.86,798.47,954.18,619.89
2011M11,105.41,110.5,108.59,97.12,2116.44,1113.38,1294.32,1213.96,1273.54,1502.5,4.2,1.97,9.68,11.17,481.14,403.26,771.39,892.75,617.47
2011M12,104.23,107.91,106.22,98.56,2116.44,1121.5,1376.58,1203.28,1244.66,1439.77,4.22,1.98,9.97,11.35,466.73,387.86,753.88,888.44,615.03
2012M01,107.07,111.16,109.78,100.29,2116.44,1123.5,1362.05,1216.28,1252.78,1451.82,4.26,1.99,9.91,11.35,458.31,387.75,750.76,877,615.03
2012M02,112.69,119.7,116.15,102.21,2116.44,1146.25,1365.48,1249.12,1287.68,1485,4.31,2.01,9.54,11.42,466.62,374.98,757.29,885.07,612.3
2012M03,117.79,124.93,122.28,106.15,2138.48,1195.34,1366.43,1285.38,1289.12,1500.68,4.35,2.05,9.54,11.56,465.78,357.05,758.55,886.54,610.96
2012M04,113.67,120.46,117.25,103.28,2274.96,1233.61,1394.72,1308.89,1303.59,1551.9,4.29,2.06,9.54,11.77,464.02,353.7,766.97,896.38,611.58
2012M05,104.09,110.52,107.05,94.68,2408.05,1125,1236.75,1220.55,1234.88,1522.17,4.22,2.07,9.52,11.79,451.47,367.03,763.36,892.16,611.58
2012M06,90.73,95.59,94.24,82.36,2425.08,1027.74,1089.05,1181.93,1183.37,1430.48,4.12,2.08,9.2,11.79,442.3,362.31,751.69,862.84,606.68
2012M07,96.75,103.14,99.22,87.9,2450.28,1052.84,1063.18,1239.49,1214.67,1472.27,4.03,2.09,8.75,11.79,430.25,357.19,747.41,857.92,606.68
2012M08,105.27,113.34,108.37,94.11,2469.18,1022.38,1007.61,1250.27,1230.73,1525.43,4.1,2.09,7.95,11.76,431.03,354.71,749.6,856.66,606.68
2012M09,106.28,113.38,110.96,94.51,2469.18,1001.38,980,1280.95,1268.69,1572.25,4.06,2.11,7.14,11.37,447.36,353.34,768.45,878.2,608.08
2012M10,103.41,111.97,108.73,89.52,2469.18,886,863.04,1177.95,1214.2,1302.61,4.07,2.11,7.11,10.93,450.7,350.23,766.48,873.36,610.15
2012M11,101.17,109.71,107.13,86.68,2469.18,863.18,806.7,1137.78,1184.61,1285.23,4.29,2.13,7.16,10.96,449.35,353.03,761.32,870.05,611.51
2012M12,101.19,109.68,105.69,88.22,2502.25,843.55,753.53,1158.64,1188.18,1271.9,4.37,2.15,7.22,11.07,459.45,354.8,769.97,879.94,612.86
2013M01,105.1,112.97,107.58,94.74,2270.76,884.52,801.36,1192.35,1210.92,1298.48,4.36,2.22,7.02,11.24,465.57,334.12,761.8,870.59,612.86
2013M02,107.64,116.52,111.09,95.3,1821.71,919.58,836,1173.48,1216.99,1285.75,4.35,2.19,7,11.57,466.86,319.69,737.55,842.88,586.38
2013M03,102.52,109.24,105.42,92.91,1763.7,891.5,832.75,1117.43,1161.66,1249.76,4.29,2.31,7,11.9,436.19,313.78,722.69,822,575.55
2013M04,98.85,102.88,101.66,92.02,1763.7,874.17,830.71,1094.52,1131.82,1221.14,4.27,2.29,7,12.37,455.89,304.53,733.56,834.37,558.58
2013M05,99.37,103.03,100.31,94.76,1780.73,879.47,827.5,1073.2,1116.66,1227.73,4.1,2.38,6.99,12.8,454.24,294.78,732.53,833.2,540.69
2013M06,99.74,103.11,100.33,95.79,1807.79,876.88,853.5,1037.75,1147.34,1245.25,3.93,2.4,6.83,13.71,462.03,306.01,742.56,844.6,561.3
2013M07,105.26,107.72,103.36,104.7,1816.31,827.09,835.54,990.31,1008.78,1210.87,3.94,2.22,6.5,14.61,458.32,298.76,727.7,827.7,548
2013M08,108.16,110.96,106.96,106.55,1807.79,819.29,868.64,994.65,993.85,1111.67,3.95,2.04,6.5,15.65,466.17,304.39,742.95,845.05,558.31
2013M09,108.76,111.62,108.4,106.25,1797.87,826.25,909.76,1019.72,983.52,1005.71,3.99,1.98,6.37,16.08,467.66,300.12,760.61,865.13,550.48
2013M10,105.43,109.48,106.3,100.5,1764.66,859.66,912.17,990.96,1010.85,1008.48,4.04,1.96,6.81,16.46,477.37,304.31,771,876.96,558.18
2013M11,102.63,108.08,105.85,93.95,1754.88,904.05,1108.1,989.83,1021.7,1004.05,4.14,2.03,7.32,16.82,472.42,297.36,772.14,878.25,545.43
2013M12,105.48,110.67,107.92,97.85,1697.56,886.25,1147,990.52,1007.11,996,4.18,2.07,7.77,16.87,479.62,287.35,784.96,892.83,527.06
2014M01,102.1,107.42,104.01,94.86,1560.64,862.63,1158.64,942.1,948.01,951.82,4.18,2.11,8.19,16.93,476.78,286.6,789.31,897.78,525.68
2014M02,104.83,108.81,104.94,100.73,1409.8,904.34,1292,970.96,971.77,953,4.28,2.02,8.2,16.98,478.14,291.84,793.19,902.19,535.29
2014M03,104.04,107.4,104.15,100.57,1366.87,953.81,1376.9,996.67,1009.95,984.76,4.47,2.26,8.05,17.09,483.81,290.92,796.3,905.74,533.62
2014M04,104.87,107.79,104.73,102.08,1366.87,926.63,1291.75,1001.69,1011.42,952.25,4.35,2.38,8.28,17.66,483.53,290.33,802.25,912.49,532.53
2014M05,105.71,109.68,105.6,101.86,1366.87,898.42,1255.25,961.81,954.94,951.5,4.38,2.56,8.24,17.97,480.9,292.5,807.13,918.05,536.5
2014M06,108.37,111.87,108.01,105.24,1366.87,861.88,1233.75,925.82,948.33,942.38,4.54,2.55,7.9,18.15,475.69,291.72,810.01,921.32,535.08
2014M07,105.23,106.98,105.76,102.94,1373.38,853.69,1106.3,897.43,892.08,908.04,5.17,2.45,7.75,18.98,474.01,292.7,818.15,930.59,536.87
2014M08,100.05,101.92,101.85,96.38,1388.91,778.69,938.81,861.77,851.75,853.75,5.79,2.27,7.72,19.25,466.1,289.17,800.33,910.31,530.41
2014M09,95.85,97.34,96.99,93.22,1388.91,760.75,904.55,839.82,836.46,834.09,6.17,2.36,7.72,18.35,451.82,277.55,781.59,889,509.09
2014M10,86.08,87.27,86.57,84.4,1388.91,764.4,936.09,833.03,859.11,888.26,5.95,2.36,7.74,17.5,443.49,275.65,769.95,875.76,505.6
2014M11,76.99,78.44,76.73,75.81,1388.91,764.75,970,825.98,841.33,922.75,5.84,2.31,7.87,17.31,436.59,256.13,756.01,859.9,469.8
2014M12,60.7,62.33,60.52,59.26,1372.88,719.64,972.26,814.55,814.81,900.95,5.46,2.22,8.21,17.38,431.17,249.39,749.2,852.16,457.45
2015M01,47.11,48.07,45.98,47.27,1350.33,719.64,1010.48,796.58,777.72,870.71,5.3,2.22,7.93,17.42,407.61,251.48,726.83,826.71,461.27
2015M02,54.79,57.93,55.83,50.61,1344.82,723.04,1052.37,762.61,762.51,825,4.88,2.03,7.71,17.48,397.5,250.89,734.3,835.21,460.18
2015M03,52.83,55.79,54.91,47.78,1344.82,698.86,1020.8,749.93,751.16,804.55,4.72,2.15,7.58,17.45,379.19,247.32,717.91,816.57,453.64
2015M04,57.54,59.39,58.8,54.44,1344.82,682.75,979.75,747.74,747.72,833.5,4.82,2.31,7.77,16.93,377.76,249.06,715.85,814.23,456.83
2015M05,62.51,64.56,63.69,59.27,1344.82,697.35,962.06,785.13,769.95,916.05,4.5,2.35,7.48,15.86,390.78,246.5,740.67,842.46,452.14
2015M06,61.31,62.34,61.78,59.8,1365.86,705.91,914.43,788.21,841.79,927.95,4.44,2.28,7.28,13.79,392.46,240.59,745.32,847.75,441.29
2015M07,54.34,55.87,56.25,50.9,1388.91,680,869.13,752.32,809.98,917.39,4.65,2.07,7.28,12.26,385.14,241.27,745.61,848.07,442.54
2015M08,45.69,46.99,47.22,42.86,1392.06,601.38,735.48,728.33,753.56,894.75,4.77,1.82,7.28,10.39,389.8,241.7,747.29,849.98,443.33
2015M09,46.28,47.24,46.15,45.45,1399.94,599.5,799.66,720.4,771.69,896.82,4.58,1.69,7.28,8.77,393.02,247.78,735.64,836.74,454.48
2015M10,46.96,48.12,46.55,46.2,1399.94,636.67,857.73,743.3,809.13,961.59,4.24,1.61,7.28,8.71,393.3,248.08,734.83,835.81,455.04
2015M11,43.11,44.42,42.22,42.7,1413.16,608.21,788.75,727.34,799.62,915.24,4.03,1.62,7.52,9.63,375.87,242.9,728.5,828.62,445.54
2015M12,36.57,37.72,34.77,37.23,1446.03,607.38,849.55,765.7,820.94,898.18,3.8,1.74,7.61,9.89,380.56,244.62,718.15,816.85,448.69
2016M01,29.78,30.8,27,31.54,1359.9,611.63,895.63,736.03,781.35,885.35,3.63,1.85,7.61,10.47,380.21,251.76,690.7,785.62,461.78
2016M02,31.03,33.2,29.5,30.39,1317.26,679.17,986.9,767.24,779.88,898.19,3.86,1.77,7.59,10.8,388.43,259.34,685.86,780.11,475.7
2016M03,37.34,39.07,35.18,37.77,1300.73,715.95,1210.6,765.61,766.26,859.19,4.03,1.85,7.39,10.67,388.89,263.62,681.4,775.04,483.53
2016M04,40.75,42.25,39.04,40.96,1314.38,775,1299.05,794.13,808.51,875.95,3.96,1.93,7.39,10.53,396.73,271.7,685.76,780,498.36
2016M05,45.94,47.13,43.95,46.73,1322.77,753.42,1218.25,795.64,805.59,881,4.04,2.06,7.39,10.47,395.82,273.27,696.35,792.05,501.24
2016M06,47.69,48.48,45.83,48.75,1365.86,718.18,1337.27,799.91,793.48,860.23,4.11,2.15,7.34,10.47,393.16,282.26,681.12,774.72,517.73
2016M07,44.13,45.07,42.62,44.69,1415.37,678.16,1290,796.67,767.83,832.86,4.26,1.96,7.15,10.47,387.35,285.98,630.42,717.06,524.55
2016M08,44.88,46.14,43.74,44.75,1433,771.02,1423.7,824.42,817.52,830.35,4.24,1.74,6.83,10.84,392.32,294.03,628.46,714.82,539.31
2016M09,45.04,46.19,43.74,45.2,1433,797.85,1443.86,837.21,849.65,865.73,4.12,1.7,6.91,11.88,392.42,292.15,630.04,716.62,535.87
2016M10,49.29,49.73,48.26,49.89,1433,749.75,1331.19,861.26,914.14,873,4.04,1.59,7.28,12.29,386.02,286.86,591.61,672.91,526.16
2016M11,45.26,46.44,43.77,45.57,1433,766.93,1512.95,885.11,918.26,873,4.3,1.76,7.36,12.49,378.32,275.14,595.49,677.33,504.67
2016M12,52.62,54.07,51.78,52.01,1439.3,811.38,1666.43,916.7,930.43,873,4.14,1.86,7.5,13.2,369.25,256.42,598.08,680.27,470.33
2017M01,53.59,54.89,53.37,52.51,1427.78,825,1737.27,876.85,890.82,873,4.07,1.94,7.52,13.41,371.6,258.6,590.65,671.82,474.33
2017M02,54.35,55.49,54.17,53.4,1359.9,808.61,1566.5,839.6,874.38,873,4.23,1.94,7.37,13.64,372.44,263.45,598.27,680.49,483.23
2017M03,50.9,51.97,51.16,49.58,1398.98,778.7,1229.57,814.94,847.32,835.17,4.35,2.13,7.4,13.78,374.05,263.48,591.23,672.48,483.27
2017M04,52.16,52.98,52.45,51.06,1421.4,752.06,1085.56,794.04,839.33,797.67,4.41,2.16,8.44,13.78,374.96,270.34,605.27,688.44,495.87
2017M05,49.89,50.87,50.31,48.5,1453.05,762.75,1098.57,825.06,842.05,795,4.6,2.33,8.57,14.29,386.75,265.28,619.4,704.52,486.59
2017M06,46.17,46.89,46.44,45.17,1463.07,735.14,1030.83,832.95,847.47,794.36,4.68,2.43,9.19,14.86,392.95,268.39,613.17,697.44,492.29
2017M07,47.66,48.69,47.63,46.65,1496.94,720.48,1033.57,835.6,905.99,793,4.67,2.35,9.37,14.73,402.75,264.62,622.32,707.85,485.38
2017M08,49.94,51.37,50.43,48.03,1510.17,717.95,1174.35,861.72,875.36,815.74,4.47,2.19,8.89,12.84,413.25,270.96,621.22,706.59,497
2017M09,52.95,55.16,53.86,49.83,1504.65,754.25,1336.05,889.44,872.87,822.24,4.3,2.11,8.55,12.13,417.2,268.93,637.66,725.29,493.27
2017M10,54.92,57.62,55.58,51.56,1481.11,746.79,1418.86,880.6,897.25,804.82,4.25,1.98,8.24,11.95,411.57,263.62,632.53,719.45,483.53
2017M11,59.93,62.57,60.58,56.65,1502.29,728.86,1444.77,886.77,962.98,809.86,4.33,1.96,7.55,12.17,410.87,263.85,633.44,720.49,483.96
2017M12,61.19,64.21,61.41,57.94,1510.17,679.17,1305.66,867.19,901.97,800.76,4.28,1.97,7.94,12.24,414.33,263.62,642.21,730.46,483.53
2018M01,66.23,68.99,66.02,63.67,1433,703.45,1265,870.5,848.38,799.04,4.3,2.07,7.72,12.36,426.69,268.3,661.09,751.94,492.12
2018M02,63.46,65.42,62.79,62.17,1433,709.44,1145.38,843.56,827.48,806,4.35,1.98,7.87,12.73,432.53,275.8,670.09,762.18,505.88
2018M03,64.17,66.45,63.29,62.76,1435.63,706.19,1016.19,836.68,800.24,800.91,4.44,2.2,8.05,12.79,431.69,280.72,669.38,761.37,514.9
2018M04,68.79,71.63,68.43,66.32,1444.03,701.18,1006.71,831.85,793.31,799.33,4.38,2.36,8.38,12.83,429.73,276.7,674.36,767.03,507.53
2018M05,73.43,76.65,73.66,69.98,1444.03,687.15,935.25,793.25,811.49,801.32,4.32,2.65,8.19,12.9,413.88,271.38,645.8,734.55,497.77
2018M06,71.98,75.19,73.22,67.52,1461.87,656.5,865.71,788.57,838.02,775,4.24,2.72,7.83,12.54,408.8,270.59,636.79,724.31,496.32
2018M07,72.67,74.44,72.72,70.84,1477.1,616.14,877.16,780.45,848.61,780.05,4.19,2.53,7.83,12.24,408.84,267.02,631.04,717.77,489.78
2018M08,71.08,73.13,72.13,67.99,1477.1,614.75,900.22,761.82,853.67,763.23,4.11,2.22,7.83,12.02,404.11,268.1,617,701.8,491.76
2018M09,75.36,78.86,77.02,70.21,1442.29,605.15,865.63,754.05,821.47,733.95,4.01,2.03,7.83,11.53,408.07,265.85,625.49,711.44,487.63
2018M10,76.73,80.47,78.96,70.75,1431.7,589.8,794.49,751.58,850.29,718.04,3.86,2.03,7.83,11.46,402.05,263.85,623.52,709.21,483.96
2018M11,62.32,65.17,65.11,56.67,1438.26,539.1,707.62,729.22,840.39,706.09,3.95,2.03,7.46,11.66,397.67,262.71,617.87,702.78,481.87
2018M12,53.96,56.46,56.47,48.95,1434.58,535.02,738.36,727.88,827.02,703,4.19,2.09,7.44,11.79,398.55,265.43,607.47,690.95,486.85
2019M01,56.58,59.27,58.96,51.52,1379.77,584.58,765,747.79,859.73,688.13,4.24,2.15,7.99,11.79,399.74,273.25,617.24,702.07,501.2
2019M02,61.13,64.13,64.32,54.95,1370.06,602.97,694.67,772.82,829.7,700,4.28,2.09,8.02,11.79,397.32,269.71,623.14,708.77,494.7
2019M03,63.79,66.41,66.8,58.15,1370.38,573.02,654.72,750.33,808.68,711.71,4.48,2.07,8.01,11.79,395.75,267.74,631.38,718.15,491.1
2019M04,68.58,71.2,70.66,63.87,1377.61,588.45,636.23,733.77,805.96,713,4.7,2.09,8.05,11.79,393.44,266.66,624.77,710.63,489.12
2019M05,66.83,70.53,69.13,60.84,1392.89,564.4,573.36,742.53,815.84,721.57,4.6,2.09,8.05,11.79,391.48,270.59,615.52,700.11,496.32
2019M06,59.76,63.3,61.3,54.68,1391.97,552.19,542.24,742.89,840.01,725,4.63,2.07,8.05,11.97,395.22,275.39,607.52,691.01,505.14
2019M07,61.48,64,62.91,57.52,1437.71,543.88,555.03,748.17,845.27,753.83,4.63,1.99,8.05,12.95,392.7,275.11,597.74,679.89,504.62
2019M08,57.67,59.25,58.92,54.84,1457.89,586.12,619.33,793.21,877.48,776,4.6,1.9,8.05,13.06,389.41,280.19,581.98,661.96,513.93
2019M09,60.04,62.33,60.84,56.95,1458.25,580.3,613.15,779.25,903.07,776,4.65,1.85,8.1,13.23,385.28,277.06,591.61,672.91,508.19
2019M10,57.27,59.37,58.47,53.98,1458.53,591.35,593.74,770.8,908.67,776,4.86,1.85,8.27,13.4,386.86,275.34,605.36,688.55,505.04
2019M11,60.4,62.74,61.41,57.06,1388.47,685.41,767.44,770.2,891.17,776,5.94,1.85,8.27,13.68,386.89,273.4,617.53,702.4,501.47
2019M12,63.35,65.85,64.41,59.8,1404.96,763.73,969.77,833.52,900.66,776,5.56,1.98,8.35,13.95,388.92,272.8,627.93,714.22,500.37
2020M01,61.63,63.6,63.76,57.52,1371.35,810.07,970.53,875.64,945.39,806.91,5.04,2.07,6.62,14,388.68,272.4,626.49,712.59,499.64
2020M02,53.35,55,54.51,50.53,1393.46,728.81,801.84,800.41,902.34,823,4.72,1.88,6.13,14,381.82,270.56,621.08,706.43,496.28
2020M03,32.2,32.98,33.75,29.88,1412.91,636.25,691.04,747.8,796.67,730,4.47,1.78,6.32,14,387.24,276.93,593.67,675.26,507.96
2020M04,21.04,23.34,23.27,16.52,1527.27,608.88,720.69,679.98,758.96,732.1,4.45,1.27,6.28,13.89,380.38,276.24,594.96,676.73,506.68
2020M05,30.38,31.02,31.56,28.56,1588.02,576.56,684.95,684.78,799.83,738.26,5.08,1.52,6.04,12.55,381.57,277.73,589.45,670.46,509.42
2020M06,39.46,39.93,40.14,38.3,1712.82,656.49,724.62,755.71,850.98,788.36,5.1,1.57,5.77,12.13,393.93,276.67,599.95,682.39,507.48
2020M07,42.07,42.81,42.64,40.75,1876.87,694.16,683.93,821.11,890.21,833.17,4.7,1.52,5.61,12.52,401.14,278.85,606.85,690.24,511.48
2020M08,43.44,44.26,43.71,42.36,1876.96,760.3,739.17,866.94,921.55,877.14,4.63,1.5,6.15,12.57,413.98,280.77,629.13,715.59,515
2020M09,40.6,41.09,41.1,39.6,1880.71,796.22,767.84,905.86,938.14,982.38,4.6,1.47,6.31,11.86,412.79,282.02,621.89,707.36,517.29
2020M10,39.9,40.47,39.7,39.53,1877.59,819.27,805.91,914.77,927.71,981.4,4.42,1.5,6.7,11.35,411.95,282.99,621.65,707.08,519.06
2020M11,42.3,43.23,42.58,41.1,1878.61,917.81,1073.48,973.88,1047.78,1109.11,4.4,1.7,7.29,11.53,414.26,285.21,632.96,719.95,523.14
2020M12,48.73,49.87,49.26,47.05,1977.17,1016.37,1224.87,1026.2,1097.63,1170.02,4.4,1.81,7.09,11.68,425.85,286.86,643.93,732.43,526.16
2021M01,53.6,54.55,54.16,52.1,1988.94,990.27,1368.31,1098.67,1141.24,1276.12,4.46,1.81,7.28,11.75,426.13,287,653.76,743.6,526.42
2021M02,60.46,61.96,60.37,59.06,1993.21,1019.86,1359.5,1123.5,1272.13,1362.57,4.66,1.81,7.45,11.93,423.4,282.53,664.01,755.26,518.22
2021M03,63.83,65.19,63.95,62.35,2006.04,1030.48,1478.59,1284.81,1321.88,1611.11,4.72,1.89,7.99,12.28,416.61,273.85,664.25,755.53,502.3
2021M04,62.95,64.77,62.37,61.71,2020.64,1078.05,1487.14,1386.35,1312.33,1572.8,5.17,2.26,8.37,12.49,418.53,272.9,663.24,754.39,500.55
2021M05,66.4,68.04,65.98,65.18,2072.04,1136.46,1530.5,1574.67,1531.38,1584.59,5.48,2.37,8.8,12.65,425.18,272.75,674.6,767.31,500.28
2021M06,71.8,73.07,70.96,71.38,2078.83,1004.42,1400.45,1518.16,1527.59,1296.75,5.68,2.38,8.86,13.4,421.75,270.39,672.3,764.69,495.96
2021M07,73.28,74.39,73,72.46,2092.19,1062.99,1274.09,1468.34,1410.08,1282.01,5.59,2.38,8.99,15.86,413.77,269.95,661.47,752.37,495.15
2021M08,68.87,70.02,68.85,67.73,2102.29,1141.82,1341.14,1433.94,1519.19,1355.69,5.61,2.38,9.05,15.76,412.02,271.03,661.23,752.1,497.13
2021M09,72.8,74.6,72.24,71.56,2109.02,1181.38,1427.27,1398.75,1629.14,1309.52,5.77,1.83,9.08,14.67,412.02,270.24,658.21,748.67,495.69
2021M10,82.06,83.65,81.22,81.32,2133.67,1310.25,1818.33,1483.52,1795.17,1420.53,5.53,1.76,9.3,14.47,406.04,263.17,656.25,746.43,482.72
2021M11,79.92,80.77,79.8,79.18,2150.21,1340.65,2050.23,1442.96,1825.34,1415.62,5.69,1.55,9.37,14.49,399.56,261.16,644.89,733.52,479.04
2021M12,72.87,74.31,72.76,71.53,2154.06,1270.29,1861.43,1411.21,1742.5,1361.83,5.75,1.47,9.44,14.62,395.61,261.23,637.9,725.56,479.16
2022M01,83.92,85.53,83.11,83.12,2489.88,1344.79,2195.79,1469.56,1865.36,1411.73,5.81,1.36,9.11,14.78,396.2,259.05,649.68,738.97,475.16
2022M02,93.54,95.76,93.13,91.74,2473.1,1522.36,2442.63,1595.74,1744.2,1499.12,5.99,1.45,8.95,14.88,397.01,258.47,648.82,737.98,474.09
2022M03,112.4,115.59,113.11,108.49,2153.15,1776.96,2441.48,1956.88,2162.3,2361.13,6.07,1.76,9.13,14.96,385.67,250.95,631.24,717.98,460.3
2022M04,103.41,105.78,102.68,101.78,2145.25,1682.74,2064.31,1947.51,2266.17,2275.76,5.97,1.87,9,14.99,378.84,235.71,620.5,705.78,432.35
2022M05,110.1,112.37,108.32,109.6,2146.29,1716.92,1811.19,1962.88,2218.45,2079.3,5.94,1.9,8.71,15.13,370.27,231.13,596.78,678.8,423.95
2022M06,116.8,120.08,115.73,114.59,2146.19,1501.1,1554.5,1751.76,2000.53,1884.59,5.81,1.85,8.46,14.86,370.09,222.3,590.65,671.82,407.75
2022M07,105.08,108.92,106.48,99.85,2146.19,1056.64,1301.05,1533.4,1737.34,1556.87,5.73,1.72,8.46,14.04,356.48,217.76,574.6,653.56,399.42
2022M08,95.97,98.6,97.75,91.57,2146.11,1025.95,1173.04,1598.78,1638.85,1496.22,5.57,1.84,8.53,12.63,354.52,220.19,574.46,653.4,403.88
2022M09,88.22,90.16,90.63,83.87,2146.13,909.32,1249.29,1548.32,1402.02,1304.75,5.44,1.75,8.49,11.51,346.85,208.21,542.98,617.59,381.91
2022M10,90.33,93.13,90.59,87.26,2146.1,888.99,1038.81,1575.9,1408.01,1359.15,5.33,1.63,7.7,11.46,343.98,202.13,540.63,614.92,370.76
2022M11,87.38,91.07,86.28,84.78,2146.14,945.74,1061.58,1651.6,1377.58,1347.28,5.07,1.54,6.54,11.46,356.9,209.22,562.43,639.72,383.76
2022M12,78.07,80.9,76.78,76.52,2146.1,940.39,1067.05,1409.24,1259.95,1233.8,4.71,1.55,6.1,11.46,370.55,220.75,583.42,663.59,404.9
2023M01,80.41,83.09,80.03,78.11,1970.67,941.97,1060,1351.77,1223.58,1218.34,4.65,1.54,6.11,11.46,377.13,228.23,585.24,665.66,418.62
2023M02,80.25,82.71,81.21,76.84,2042.62,949.98,1036.67,1243.01,1188.57,1158.6,4.65,1.53,6.62,11.06,375.13,224.02,579.54,659.18,410.91
2023M03,76.47,78.53,77.52,73.37,2100.41,972.06,1051.75,1113.19,1053.74,1075.05,4.84,1.52,6.99,11,374.68,222.6,581.45,661.36,408.29
2023M04,82.46,84.11,83.83,79.44,2088.26,1005.24,1016.84,1029.97,1026.14,1034.83,5.3,1.57,7.22,10.91,383.81,223.11,596.4,678.36,409.24
2023M05,74.12,75.7,75.08,71.59,2016.88,934.06,992.5,988.32,967.27,961.79,5.31,1.54,7.06,10.91,380.52,217.21,598.17,680.38,398.4
2023M06,73.26,74.89,74.67,70.23,1971.27,816.97,927.95,1007.12,990.58,910.95,5.01,1.47,6.27,10.36,379.37,210.73,604.88,688.01,386.53
2023M07,78.98,80.1,80.46,76.39,2159.21,878.5,998.1,1135.74,1107.99,1038.8,4.78,1.37,5.43,9.8,387.07,211.05,617.29,702.12,387.11
2023M08,84.72,86.16,86.61,81.4,2173.94,860.82,998.41,1126.53,1066.77,989.42,4.73,1.42,5.67,9.05,381.89,205.61,608.72,692.37,377.13
2023M09,92.22,94,93.08,89.58,2106.22,829.6,957.64,1111.63,1047.44,894.81,4.9,1.54,5.98,8.71,374.01,201.54,594.25,675.91,369.68
2023M10,89.08,91.06,90.62,85.57,1954.4,804.26,912.38,1133.87,1060.31,910.17,4.98,1.58,5.56,8.6,369.67,199,582.84,662.94,365.01
2023M11,81.35,83.18,83.45,77.43,1891.89,830.47,967.5,1118.39,1039.32,943.6,4.88,1.67,5.25,…,378.14,198.71,594.82,676.56,364.47
2023M12,75.72,77.86,77.22,72.08,1940.09,813.51,966.19,1062.48,1009.98,944.03,4.79,1.63,5.31,…,382.03,206.71,606.61,689.97,379.15
2024M01,77.67,80.23,78.86,73.93,1896.09,844.9,977.5,971.46,972.06,943.36,5,1.57,5.29,…,381.71,203.71,608.62,692.26,373.65
2024M02,80.55,83.76,81.18,76.7,1809.43,856.93,1034.17,911.9,962.71,925.08,5.38,1.52,5.2,…,377.72,199.13,605.22,688.39,365.25
2024M03,83.55,85.45,84.7,80.49,1821.63,942.92,1176.9,964.95,1029.01,950.93,5.73,1.53,5.19,…,380.42,198.79,609,692.7,364.62
2024M04,88.01,90.05,89.39,84.59,1820.32,935.69,1290.23,958.56,1058.58,971.27,6.05,1.44,5.18,…,375.59,193.69,600.23,682.72,355.27
2024M05,81.45,82,83.53,78.81,1837.96,859.15,1196.09,988,1104.11,1005.73,5.88,1.51,5.17,…,378.25,190.88,605.22,688.39,350.12
2024M06,81.21,82.56,82.17,78.89,1809.62,873.67,1155.53,1010.68,1099.12,1043.05,5.85,1.4,5.02,…,376.6,188.66,609.1,692.8,346.04
2024M07,83.26,85.3,83.94,80.54,1850.74,896.09,1365,1079.02,1118.33,1068.51,6.19,1.33,5.11,…,379.58,188.59,616.14,700.82,345.91
2024M08,78.12,80.86,77.95,75.55,1757.94,932.63,1480,1031.38,1080.09,1048.56,6.34,1.38,5.24,…,385.39,203.54,619.64,704.79,373.34
2024M09,72.42,74.29,73.43,69.55,1770.68,982.83,1515,1043.81,1082.78,1068,6.3,1.45,5.49,…,388.75,207.89,633.2,720.22,381.32
2024M10,73.97,75.66,74.65,71.6,1750.37,1077.25,1636.19,1094.89,1142.14,1205.71,6.06,1.48,5.6,…,381.71,198.99,625.73,711.72,364.98
2024M11,72.29,74.4,72.79,69.69,1733.86,1168.59,2015.31,1145.17,1242.92,1267,6.18,1.52,5.83,…,371.98,193.82,610.58,694.49,355.5
2024M12,72.31,73.83,73.31,69.79,1687.54,1189.73,2098.85,1063.63,1180.82,1222.5,6.23,1.42,5.84,…,366.49,193.31,605.94,689.21,354.58
2025M01,78.16,79.21,80.14,75.14,1660.81,1070.31,1961.53,1047.62,1149.13,1207,6.46,1.54,5.83,…,362.36,190.21,591.85,673.18,348.89
2025M02,73.82,75.16,74.97,71.33,1664.06,1067.27,1947.46,1068.51,1159.1,1220,6.62,1.63,5.65,…,364.46,196.09,600.57,683.1,359.67
2025M03,70.7,72.57,71.71,67.82,1675.59,1067.6,2063.59,1011.43,1193.09,1232.5,6.77,1.63,5.61,…,378.32,199.65,618.63,703.65,366.21
2025M04,65.91,67.75,66.89,63.08,1679.03,994.37,2090.39,1119.53,1256.48,1225,6.71,1.74,5.89,…,393.09,206.64,630.18,716.78,379.02
2025M05,62.75,64.21,63.01,61.03,1686.86,907.58,2002.84,1163.05,1241.14,1208,6.62,1.78,6.08,…,394.91,205.72,640.39,728.39,377.34
2025M06,69.15,71.45,68.5,67.49,1697.45,935.39,1859.78,1177.97,1252.26,1196.25,6.67,1.78,6.4,…,403.13,205.95,649.4,738.64,377.76
2025M07,69.19,70.95,69.23,67.39,1727.31,976.38,2096.88,1306.6,1202.37,1213.75,6.72,1.78,6.33,…,408.91,202.67,647.29,736.24,371.74
2025M08,66.72,68.2,67.87,64.08,1664.67,1026.12,2264,1244.55,1212.6,1273.75,6.86,1.67,6.24,…,407.19,201.56,644.12,732.64,369.7
2025M09,66.46,67.95,67.75,63.67,1609.75,1036.74,2414.17,1159.27,1267.98,1312.09,6.9,1.74,6.24,…,410.66,201.3,647.1,736.02,369.23
2025M10,63.04,64.65,64.3,60.17,1628.32,1038.09,2273.04,1132.15,1264.23,1363,7.09,1.72,6.33,…,407.33,196.65,639.76,727.68,360.69
2025M11,62.34,63.61,63.83,59.57,1678.18,983.4,2153.35,1128.37,1259.25,1360,7.51,1.77,6.45,…,404.43,191.82,628.89,715.31,351.84
2025M12,60.88,62.72,61.98,57.94,1621,980.12,1992.98,1115.67,1258.25,1352,7.38,1.78,6.37,…,409.96,190.94,641.49,729.65,350.24
2026M01,63.65,66.77,63.91,60.28,1722.6,1004.66,2125.46,1153.54,1223.32,1441,7.97,1.75,6.57,…,410.83,189.99,647.86,736.89,348.49
2026M02,68.01,71.11,68.36,64.57,1799.75,1039.47,2295.12,1281.96,1275.21,1445,8.12,1.79,6.52,…,413.91,191.88,651.12,740.6,351.95
2026M03,95.58,103.69,91.88,91.16,1689.53,1102.98,2574.02,1481.97,1303.9,1465,8.21,1.66,6.54,…,404.46,187.61,639.09,726.92,344.12
