YEAR-MONTH,Average Crude oil ($/bbl),Brent Crude ($/bbl),Dubai Crude ($/bbl),WTI Crude ($/bbl),US Natural Gas ($/mmbtu),Europe Natural Gas ($/mmbtu),Japan Liquefied Natural Gas ($/mmbtu),TSR20 Rubber ($/kg),RSS3 Rubber ($/kg),A Index Cotton ($/kg),Aluminum ($/mt),CFR Spot Iron ore ($/dmtu),Copper ($/mt),Lead ($/mt),Tin ($/mt),Nickel ($/mt),Zinc ($/mt),Gold ($/troy oz),Platinum ($/troy oz),Silver ($/troy oz)
1960M01,1.63,1.63,1.63,…,0.14,0.4,…,…,0.82,0.65,511.47,11.42,715.4,206.1,2180.4,1631,260.8,35.27,83.5,0.91
1960M02,1.63,1.63,1.63,…,0.14,0.4,…,…,0.83,0.65,511.47,11.42,728.19,203.7,2180.4,1631,244.9,35.27,83.5,0.91
1960M03,1.63,1.63,1.63,…,0.14,0.4,…,…,0.86,0.65,511.47,11.42,684.94,210.3,2173.8,1631,248.7,35.27,83.5,0.91
1960M04,1.63,1.63,1.63,…,0.14,0.4,…,…,0.86,0.64,511.47,11.42,723.11,213.6,2178.2,1631,254.6,35.27,83.5,0.91
1960M05,1.63,1.63,1.63,…,0.14,0.4,…,…,0.93,0.65,511.47,11.42,684.75,213.4,2162.7,1631,253.8,35.27,83.5,0.91
1960M06,1.63,1.63,1.63,…,0.14,0.4,…,…,0.89,0.66,511.47,11.42,691.59,202.4,2184.8,1631,249.8,35.27,83.5,0.91
1960M07,1.63,1.63,1.63,…,0.14,0.4,…,…,0.79,0.66,511.47,11.42,702.39,196.2,2248.7,1631,248.7,35.27,83.5,0.91
1960M08,1.63,1.63,1.63,…,0.14,0.4,…,…,0.72,0.65,511.47,11.42,675.94,195.3,2204.6,1631,241,35.27,83.5,0.91
1960M09,1.63,1.63,1.63,…,0.14,0.4,…,…,0.73,0.66,511.47,11.42,647.06,192.7,2226.7,1631,240.1,35.27,83.5,0.91
1960M10,1.63,1.63,1.63,…,0.14,0.4,…,…,0.69,0.67,511.47,11.42,612.66,185.2,2226.7,1631,242.3,35.27,83.5,0.91
1960M11,1.63,1.63,1.63,…,0.14,0.4,…,…,0.63,0.67,511.47,11.42,642.13,188.1,2204.6,1631,241.4,35.27,83.5,0.91
1960M12,1.63,1.63,1.63,…,0.14,0.4,…,…,0.62,0.66,511.47,11.42,636.91,179.2,2189.2,1631,228.2,35.27,83.5,0.91
1961M01,1.57,1.57,1.57,…,0.15,0.4,…,…,0.6,0.66,511.47,11.02,606.71,175.9,2162.7,1711,218,35.25,83.5,0.91
1961M02,1.57,1.57,1.57,…,0.15,0.4,…,…,0.58,0.68,511.47,11.02,616.63,179.9,2187,1711,228.2,35.25,83.5,0.91
1961M03,1.57,1.57,1.57,…,0.15,0.4,…,…,0.62,0.67,511.47,11.02,621.26,181.7,2248.7,1711,233.2,35.25,83.5,0.91
1961M04,1.57,1.57,1.57,…,0.15,0.4,…,…,0.64,0.67,511.47,11.02,631.84,185,2308.2,1711,231.3,35.25,83.5,0.91
1961M05,1.57,1.57,1.57,…,0.15,0.4,…,…,0.64,0.68,511.47,11.02,668.44,183.6,2376.6,1711,227.1,35.25,83.5,0.91
1961M06,1.57,1.57,1.57,…,0.15,0.4,…,…,0.61,0.68,511.47,11.02,652.12,178.4,2467,1711,217.8,35.25,83.5,0.91
1961M07,1.57,1.57,1.57,…,0.15,0.4,…,…,0.61,0.68,511.47,11.02,633.39,178.8,2519.9,1711,214.7,35.25,83.5,0.91
1961M08,1.57,1.57,1.57,…,0.15,0.4,…,…,0.62,0.67,511.47,11.02,636.47,178.4,2605.9,1711,210.8,35.25,83.5,0.91
1961M09,1.57,1.57,1.57,…,0.15,0.4,…,…,0.62,0.67,511.47,11.02,632.72,176.4,2630.1,1711,203.7,35.25,83.5,0.91
1961M10,1.57,1.57,1.57,…,0.15,0.4,…,…,0.59,0.68,511.47,11.02,630.3,172.5,2605.9,1711,198.2,35.25,83.5,0.91
1961M11,1.57,1.57,1.57,…,0.15,0.4,…,…,0.54,0.66,511.47,11.02,632.28,166.4,2667.6,1711,191.8,35.25,83.5,0.92
1961M12,1.57,1.57,1.57,…,0.15,0.4,…,…,0.56,0.66,511.47,11.02,634.85,166.7,2619.1,1711,196.9,35.25,83.5,1.03
1962M01,1.52,1.52,1.52,…,0.16,0.4,…,…,0.58,0.66,511.47,11.01,635.37,162.9,2610.3,1761,193.6,35.23,83.5,1.04
1962M02,1.52,1.52,1.52,…,0.16,0.4,…,…,0.6,0.66,504.86,11.01,647.94,161.9,2623.5,1761,189.6,35.23,83.5,1.02
1962M03,1.52,1.52,1.52,…,0.16,0.4,…,…,0.58,0.66,496.04,11.01,647.5,167.1,2652.2,1761,191.4,35.23,83.5,1.02
1962M04,1.52,1.52,1.52,…,0.16,0.4,…,…,0.57,0.66,496.04,11.01,645.95,166.7,2614.7,1761,191.4,35.23,83.5,1.02
1962M05,1.52,1.52,1.52,…,0.16,0.4,…,…,0.56,0.66,496.04,11.01,645.73,164.9,2533.1,1761,188.5,35.23,83.5,1.02
1962M06,1.52,1.52,1.52,…,0.16,0.4,…,…,0.54,0.66,496.04,11.01,645.51,159,2414.1,1761,184.7,35.23,83.5,1.02
1962M07,1.52,1.52,1.52,…,0.16,0.4,…,…,0.55,0.65,496.04,11.01,645.51,148.4,2376.6,1761,182.1,35.23,83.5,1.04
1962M08,1.52,1.52,1.52,…,0.16,0.4,…,…,0.53,0.64,496.04,11.01,645.51,140.7,2350.1,1761,178.1,35.23,83.5,1.08
1962M09,1.52,1.52,1.52,…,0.16,0.4,…,…,0.54,0.63,496.04,11.01,645.51,143.1,2350.1,1761,176.6,35.23,83.5,1.15
1962M10,1.52,1.52,1.52,…,0.16,0.4,…,…,0.57,0.63,496.04,11.01,645.95,146.2,2358.9,1761,181.9,35.23,83.5,1.21
1962M11,1.52,1.52,1.52,…,0.16,0.4,…,…,0.58,0.63,496.04,11.01,645.51,149.7,2407.4,1761,188.5,35.23,83.5,1.19
1962M12,1.52,1.52,1.52,…,0.16,0.4,…,…,0.58,0.65,496.04,11.01,645.73,152.8,2365.6,1761,184.7,35.23,83.5,1.2
1963M01,1.5,1.5,1.5,…,0.16,0.39,…,…,0.57,0.66,496.04,11.02,645.51,149.4,2350.1,1741,186.3,35.09,83.5,1.24
1963M02,1.5,1.5,1.5,…,0.16,0.39,…,…,0.56,0.65,496.04,11.02,645.51,150.6,2350.1,1742,191.6,35.09,83.5,1.26
1963M03,1.5,1.5,1.5,…,0.16,0.39,…,…,0.54,0.65,496.04,11.02,645.51,153.7,2358.9,1742,197.5,35.09,83.5,1.27
1963M04,1.5,1.5,1.5,…,0.16,0.39,…,…,0.55,0.64,496.04,11.02,645.73,159.4,2427.3,1741,204.4,35.09,78.5,1.27
1963M05,1.5,1.5,1.5,…,0.16,0.39,…,…,0.54,0.64,496.04,11.02,645.51,167.1,2495.6,1742,209.4,35.09,78.5,1.28
1963M06,1.5,1.5,1.5,…,0.16,0.39,…,…,0.53,0.64,496.04,11.02,645.73,179,2500,1742,209.2,35.09,78.5,1.28
1963M07,1.5,1.5,1.5,…,0.16,0.39,…,…,0.52,0.64,496.04,11.02,645.51,179.5,2482.4,1741,204.8,35.09,78.5,1.29
1963M08,1.5,1.5,1.5,…,0.16,0.39,…,…,0.49,0.64,496.04,11.02,645.51,184.7,2495.6,1742,210.3,35.09,78.95,1.29
1963M09,1.5,1.5,1.5,…,0.16,0.39,…,…,0.48,0.65,496.04,11.02,645.51,187,2572.8,1742,211.2,35.09,80.75,1.29
1963M10,1.5,1.5,1.5,…,0.16,0.39,…,…,0.5,0.65,507.06,11.02,645.51,192,2590.4,1741,220.9,35.09,80.5,1.29
1963M11,1.5,1.5,1.5,…,0.16,0.39,…,…,0.5,0.64,507.06,11.02,645.73,190.5,2687.4,1742,231.5,35.09,82.97,1.29
1963M12,1.5,1.5,1.5,…,0.16,0.39,…,…,0.47,0.64,507.06,11.02,650.14,204.8,2782.2,1742,261,35.09,83.5,1.29
1964M01,1.45,1.45,1.45,…,0.15,0.38,…,…,0.45,0.66,507.06,10.24,655.65,217.6,2872.6,1741,264.1,35.1,88.27,1.29
1964M02,1.45,1.45,1.45,…,0.15,0.38,…,…,0.47,0.66,507.06,10.24,693.79,223.1,3060,1742,270.5,35.1,88.5,1.29
1964M03,1.45,1.45,1.45,…,0.15,0.38,…,…,0.5,0.65,524.7,10.24,745.16,223.8,2958.6,1742,277.1,35.1,88.5,1.29
1964M04,1.45,1.45,1.45,…,0.15,0.38,…,…,0.5,0.65,529.11,10.24,861.56,226.8,2879.2,1741,298.7,35.1,88.5,1.29
1964M05,1.45,1.45,1.45,…,0.15,0.38,…,…,0.5,0.66,529.11,10.24,828.28,243.8,2910.1,1742,343,35.1,88.5,1.29
1964M06,1.45,1.45,1.45,…,0.15,0.38,…,…,0.49,0.66,529.11,10.24,808.43,246.3,3265,1742,357.1,35.1,88.5,1.29
1964M07,1.45,1.45,1.45,…,0.15,0.38,…,…,0.48,0.65,529.11,10.24,854.95,270.9,3452.4,1741,385.1,35.1,88.5,1.29
1964M08,1.45,1.45,1.45,…,0.15,0.38,…,…,0.48,0.64,529.11,10.24,999.33,300.9,3512,1742,345.2,35.1,88.5,1.29
1964M09,1.45,1.45,1.45,…,0.15,0.38,…,…,0.5,0.65,529.11,10.24,1162.05,300.9,3933,1742,355.1,35.1,88.5,1.29
1964M10,1.45,1.45,1.45,…,0.15,0.38,…,…,0.52,0.65,529.11,10.24,1358.27,331.8,4371.8,1741,334.4,35.1,88.5,1.29
1964M11,1.45,1.45,1.45,…,0.15,0.38,…,…,0.51,0.64,529.11,10.24,1400.37,365.1,4105,1742,344.6,35.1,88.5,1.29
1964M12,1.45,1.45,1.45,…,0.15,0.38,…,…,0.5,0.64,540.13,10.24,1269.2,383.6,3633.2,1742,343,35.1,88.5,1.29
1965M01,1.42,1.42,1.42,…,0.16,0.41,…,…,0.51,0.64,540.13,10.24,1000.68,347.9,3456.8,1735,322.3,35.12,93,1.29
1965M02,1.42,1.42,1.42,…,0.16,0.41,…,…,0.52,0.67,540.13,10.24,1179.91,389.6,3390.7,1735,320.3,35.12,98.5,1.29
1965M03,1.42,1.42,1.42,…,0.16,0.41,…,…,0.52,0.65,540.13,10.24,1237.23,395.3,3584.7,1735,315.9,35.12,98.5,1.29
1965M04,1.42,1.42,1.42,…,0.16,0.41,…,…,0.53,0.65,540.13,10.24,1348.34,353,3944.1,1735,315.9,35.12,98.5,1.29
1965M05,1.42,1.42,1.42,…,0.16,0.41,…,…,0.53,0.65,540.13,15.3,1378.55,302,4215.2,1735,323.4,35.12,98.5,1.29
1965M06,1.42,1.42,1.42,…,0.16,0.41,…,…,0.52,0.63,540.13,10.24,1308.88,278.7,4131.5,1735,314.4,35.12,98.5,1.29
1965M07,1.42,1.42,1.42,…,0.16,0.41,…,…,0.49,0.63,540.13,10.24,1134.06,271.6,3966.1,1735,310.4,35.12,98.5,1.29
1965M08,1.42,1.42,1.42,…,0.16,0.41,…,…,0.48,0.63,540.13,10.24,1209.9,272,4091.8,1735,303.6,35.12,98.5,1.29
1965M09,1.42,1.42,1.42,…,0.16,0.41,…,…,0.48,0.63,540.13,10.24,1327.84,289.2,4208.6,1735,299.6,35.12,98.5,1.29
1965M10,1.42,1.42,1.42,…,0.16,0.41,…,…,0.47,0.62,540.13,10.24,1401.92,306.9,4010.2,1735,307.8,35.12,98.5,1.29
1965M11,1.42,1.42,1.42,…,0.16,0.41,…,…,0.49,0.62,540.13,10.24,1469.16,299.2,3820.6,1735,298.7,35.12,98.5,1.29
1965M12,1.42,1.42,1.42,…,0.16,0.41,…,…,0.5,0.62,540.13,10.24,1517.66,300.7,3869.1,1735,302.7,35.12,98.5,1.29
1966M01,1.36,1.36,1.36,…,0.16,0.42,…,…,0.51,0.62,540.13,9.52,1679.04,301.2,3926.4,1739,302.7,35.13,98.5,1.29
1966M02,1.36,1.36,1.36,…,0.16,0.42,…,…,0.51,0.62,540.13,9.52,1874.37,291.5,3877.9,1739,299.8,35.13,98.5,1.29
1966M03,1.36,1.36,1.36,…,0.16,0.42,…,…,0.5,0.64,540.13,9.52,1874.81,292.8,3772.1,1739,300.7,35.13,99.65,1.29
1966M04,1.36,1.36,1.36,…,0.16,0.42,…,…,0.48,0.62,540.13,9.52,1907.44,280.4,3763.3,1739,278.7,35.13,100,1.29
1966M05,1.36,1.36,1.36,…,0.16,0.42,…,…,0.49,0.62,540.13,9.52,1663.61,261.9,3688.3,1739,270,35.13,100,1.29
1966M06,1.36,1.36,1.36,…,0.16,0.42,…,…,0.47,0.62,540.13,9.52,1695.79,259.3,3516.4,1739,272.1,35.13,100,1.29
1966M07,1.36,1.36,1.36,…,0.16,0.42,…,…,0.47,0.62,540.13,9.52,1567.93,263.4,3514.2,1739,264.6,35.13,100,1.29
1966M08,1.36,1.36,1.36,…,0.16,0.42,…,…,0.46,0.62,540.13,9.52,1195.34,242.5,3428.2,1739,264.6,35.13,100,1.29
1966M09,1.36,1.36,1.36,…,0.16,0.42,…,…,0.43,0.61,540.13,9.52,1128.32,254.2,3377.5,1739,270.5,35.13,100,1.29
1966M10,1.36,1.36,1.36,…,0.16,0.42,…,…,0.45,0.63,540.13,9.52,1275.37,233.7,3362,1739,276,35.13,100,1.29
1966M11,1.36,1.36,1.36,…,0.16,0.42,…,…,0.45,0.63,540.13,9.52,1301.61,222.7,3320.2,1739,288.1,35.13,100,1.29
1966M12,1.36,1.36,1.36,…,0.16,0.42,…,…,0.43,0.63,540.13,9.52,1214.53,224.2,3335.6,1739,285.5,35.13,100,1.29
1967M01,1.33,1.33,1.33,…,0.16,0.46,…,…,0.43,0.64,540.13,8.86,1243.85,220.2,3302.5,1935.7,279.5,34.95,102.93,1.29
1967M02,1.33,1.33,1.33,…,0.16,0.46,…,…,0.41,0.66,540.13,8.86,1220.48,221.8,3309.1,1935.7,282.2,34.95,110.5,1.29
1967M03,1.33,1.33,1.33,…,0.16,0.46,…,…,0.41,0.66,540.13,8.86,1098.34,228.4,3318,1935.7,279.3,34.95,110.5,1.29
1967M04,1.33,1.33,1.33,…,0.16,0.46,…,…,0.41,0.66,540.13,8.86,994.72,226.6,3351,1935.7,272.1,34.95,110.5,1.29
1967M05,1.33,1.33,1.33,…,0.16,0.46,…,…,0.4,0.66,540.13,8.86,1036.17,226.2,3357.6,1935.7,275.1,34.95,110.5,1.3
1967M06,1.33,1.33,1.33,…,0.16,0.46,…,…,0.41,0.67,540.13,8.86,1015.22,228.2,3366.5,1935.7,274.3,34.95,110.5,1.3
1967M07,1.33,1.33,1.33,…,0.16,0.46,…,…,0.4,0.67,540.13,8.86,997.37,231.3,3362,1935.7,267.2,34.95,110.5,1.59
1967M08,1.33,1.33,1.33,…,0.16,0.46,…,…,0.37,0.68,540.13,8.86,1044.55,232.3,3291.5,1935.7,268.7,34.95,110.5,1.75
1967M09,1.33,1.33,1.33,…,0.16,0.46,…,…,0.36,0.69,540.13,8.86,1060.2,226.9,3267.2,1935.7,264.6,34.95,110.5,1.68
1967M10,1.33,1.33,1.33,…,0.16,0.46,…,…,0.36,0.70,540.13,8.86,1138.47,225.7,3280.5,1935.7,263.9,34.95,110.5,1.79
1967M11,1.33,1.33,1.33,…,0.16,0.46,…,…,0.35,0.71,540.13,8.86,1443.81,242.1,3298.1,1935.7,287,34.95,110.5,1.95
1967M12,1.33,1.33,1.33,…,0.16,0.46,…,…,0.36,0.72,540.13,8.86,1324.09,222.4,3192.3,1935.7,266.1,34.95,115.05,2.06
1968M01,1.32,1.32,1.32,…,0.16,0.45,…,…,0.35,0.72,540.13,8.77,1408.75,218,3126.2,2074.5,262.8,35.5,114,1.99
1968M02,1.32,1.32,1.32,…,0.16,0.45,…,…,0.33,0.71,540.13,8.77,1719.82,227.5,3110.7,2074.5,259.7,36,111.5,1.85
1968M03,1.32,1.32,1.32,…,0.16,0.45,…,…,0.36,0.71,540.13,8.77,1701.08,233.9,3112.9,2074.5,257.5,37,111.5,2.18
1968M04,1.32,1.32,1.32,…,0.16,0.45,…,…,0.36,0.71,540.13,8.77,1255.09,235,3106.3,2074.5,258.2,37.86,111.5,2.2
1968M05,1.32,1.32,1.32,…,0.16,0.45,…,…,0.37,0.71,540.13,8.77,1096.58,237.7,3084.3,2074.5,261.5,40.7,111.5,2.38
1968M06,1.32,1.32,1.32,…,0.16,0.45,…,…,0.4,0.70,562.18,8.77,1136.7,238.5,3084.3,2074.5,262.1,41.14,111.5,2.46
1968M07,1.32,1.32,1.32,…,0.16,0.45,…,…,0.39,0.69,562.18,8.77,1054.25,247.1,3075.4,2074.5,265.7,39.46,122.5,2.31
1968M08,1.32,1.32,1.32,…,0.16,0.45,…,…,0.4,0.68,562.18,8.77,1056.45,250.2,3062.2,2074.5,269,39.19,122.5,2.19
1968M09,1.32,1.32,1.32,…,0.16,0.45,…,…,0.39,0.66,562.18,8.77,1110.03,251.5,3071,2074.5,263,40.18,122.5,2.21
1968M10,1.32,1.32,1.32,…,0.16,0.45,…,…,0.41,0.66,562.18,8.77,1079.82,247.8,3110.7,2074.5,262.1,39.21,122.5,1.97
1968M11,1.32,1.32,1.32,…,0.16,0.45,…,…,0.42,0.63,562.18,8.77,1099.88,248.5,3320.2,2074.5,264.1,39.78,122.5,2.02
1968M12,1.32,1.32,1.32,…,0.16,0.45,…,…,0.42,0.62,562.18,8.77,1184.98,250.2,3258.4,2074.5,269,41.08,122.5,1.96
1969M01,1.27,1.27,1.27,…,0.17,0.45,…,…,0.43,0.63,573.2,9.84,1255.53,254.2,3227.6,2363.4,269.4,42.3,122.5,1.98
1969M02,1.27,1.27,1.27,…,0.17,0.45,…,…,0.47,0.63,584.22,9.84,1285.29,258.4,3245.2,2363.4,267.4,42.6,122.5,1.84
1969M03,1.27,1.27,1.27,…,0.17,0.45,…,…,0.51,0.63,584.22,9.84,1278.46,261.2,3243,2363.4,271.6,43.16,122.5,1.83
1969M04,1.27,1.27,1.27,…,0.17,0.45,…,…,0.52,0.63,584.22,9.84,1388.03,268.3,3304.7,2363.4,272.7,43.31,122.5,1.78
1969M05,1.27,1.27,1.27,…,0.17,0.45,…,…,0.5,0.63,584.22,9.84,1392.44,278.2,3355.4,2363.4,278.9,43.46,122.5,1.76
1969M06,1.27,1.27,1.27,…,0.17,0.45,…,…,0.51,0.62,584.22,9.84,1483.04,285.5,3379.7,2363.4,281.3,41.44,122.5,1.65
1969M07,1.27,1.27,1.27,…,0.17,0.45,…,…,0.54,0.61,584.22,9.84,1453.95,311.1,3439.2,2363.4,283.7,41.76,122.5,1.62
1969M08,1.27,1.27,1.27,…,0.17,0.45,…,…,0.58,0.60,584.22,9.84,1606.73,315.9,3470.1,2363.4,293.9,41.09,122.5,1.65
1969M09,1.27,1.27,1.27,…,0.17,0.45,…,…,0.54,0.61,584.22,9.84,1578.95,302.5,3470.1,2363.4,299.4,40.87,122.5,1.79
1969M10,1.27,1.27,1.27,…,0.17,0.45,…,…,0.5,0.63,601.86,9.84,1554.48,293.7,3534,2363.4,298.9,40.44,122.75,1.87
1969M11,1.27,1.27,1.27,…,0.17,0.45,…,…,0.45,0.65,606.27,9.84,1631.42,315.7,3642,2363.4,309.5,37.4,132.5,1.92
1969M12,1.27,1.27,1.27,…,0.17,0.45,…,…,0.47,0.66,606.27,9.84,1699.76,334,3818.4,2363.4,310.2,35.17,132.5,1.81
1970M01,1.21,1.21,1.21,…,0.17,0.45,…,…,0.5,0.64,606.27,9.84,1626.3,324.7,3842.7,2846.2,302.4,34.94,132.5,1.88
1970M02,1.21,1.21,1.21,…,0.17,0.45,…,…,0.48,0.65,606.27,9.84,1657.2,341,3767.7,2846.2,298,34.99,132.5,1.9
1970M03,1.21,1.21,1.21,…,0.17,0.45,…,…,0.44,0.66,606.27,9.84,1754,335.5,3796.4,2846.2,296,35.09,132.5,1.89
1970M04,1.21,1.21,1.21,…,0.17,0.45,…,…,0.42,0.66,612.88,9.84,1741.6,321.2,3849.3,2846.2,293.4,35.62,132.5,1.85
1970M05,1.21,1.21,1.21,…,0.17,0.45,…,…,0.41,0.66,617.29,9.84,1597.9,291.6,3736.8,2846.2,291.7,35.95,132.5,1.67
1970M06,1.21,1.21,1.21,…,0.17,0.45,…,…,0.41,0.67,617.29,9.84,1458,308.2,3542.8,2846.2,293.2,35.42,132.5,1.64
1970M07,1.21,1.21,1.21,…,0.17,0.45,…,…,0.38,0.67,617.29,9.84,1366.6,300.7,3498.7,2846.2,298.1,35.32,132.5,1.69
1970M08,1.21,1.21,1.21,…,0.17,0.45,…,…,0.37,0.68,617.29,9.84,1266.5,285.4,3620,2846.2,298.1,35.38,132.5,1.8
1970M09,1.21,1.21,1.21,…,0.17,0.45,…,…,0.36,0.69,617.29,9.84,1246.9,284.8,3646.4,2846.2,300,36.19,132.5,1.8
1970M10,1.21,1.21,1.21,…,0.17,0.45,…,…,0.35,0.70,617.29,9.84,1142.4,285.2,3668.5,2846.2,296.5,37.52,132.5,1.75
1970M11,1.21,1.21,1.21,…,0.17,0.45,…,…,0.37,0.71,617.29,9.84,1085.3,279.9,3615.6,2846.2,293.2,37.44,132.5,1.76
1970M12,1.21,1.21,1.21,…,0.17,0.45,…,…,0.37,0.72,617.29,9.84,1045.7,276.7,3496.5,2846.2,289.2,37.44,132.5,1.63
1971M01,1.64,1.64,1.64,…,0.18,0.5,…,…,0.35,0.73,617.29,10.33,1010,262.5,3465.7,2932.1,284.6,37.88,129,1.64
1971M02,1.64,1.64,1.64,…,0.18,0.5,…,…,0.33,0.74,617.29,10.33,1020.2,266.1,3463.5,2932.1,272.1,38.74,122.5,1.6
1971M03,1.64,1.64,1.64,…,0.18,0.5,…,…,0.34,0.73,617.29,10.33,1144.1,267.4,3527.4,2932.1,283.7,38.87,122.5,1.67
1971M04,1.64,1.64,1.64,…,0.18,0.5,…,…,0.36,0.73,617.29,10.33,1251.5,268,3562.7,2932.1,283.5,39.01,122.5,1.73
1971M05,1.64,1.64,1.64,…,0.18,0.5,…,…,0.38,0.75,617.29,10.33,1114.4,264.5,3520.8,2932.1,287.7,40.52,122.5,1.67
1971M06,1.64,1.64,1.64,…,0.18,0.5,…,…,0.34,0.79,617.29,10.33,1074.2,273.3,3448,2932.1,308.6,40.1,122.5,1.61
1971M07,1.74,1.74,1.74,…,0.18,0.5,…,…,0.33,0.80,617.29,10.33,1115.3,261.9,3456.8,2932.1,317.6,40.95,122.5,1.58
1971M08,1.74,1.74,1.74,…,0.18,0.5,…,…,0.32,0.83,628.32,10.33,1097.9,258.3,3478.9,2932.1,322.5,42.71,122.5,1.59
1971M09,1.74,1.74,1.74,…,0.18,0.5,…,…,0.32,0.83,639.34,10.33,1056.4,239.2,3525.2,2932.1,311.2,42.03,122.5,1.42
1971M10,1.74,1.74,1.74,…,0.18,0.5,…,…,0.32,0.82,639.34,10.33,1041.2,229.5,3489.9,2932.1,336.6,42.5,122.5,1.34
1971M11,1.74,1.74,1.74,…,0.18,0.5,…,…,0.32,0.82,641.54,10.33,1013.9,221.8,3534,2932.1,344.4,42.86,122.5,1.32
1971M12,1.74,1.74,1.74,…,0.18,0.5,…,…,0.29,0.85,665.8,10.33,1037.9,231,3670.7,2932.1,358.9,43.48,122.5,1.39
1972M01,1.77,1.77,1.77,…,0.19,0.54,…,…,0.32,0.89,670.2,10.33,1078,251.9,3626.6,3079.9,379.8,45.75,122.5,1.47
1972M02,1.77,1.77,1.77,…,0.19,0.54,…,…,0.31,0.90,670.2,10.33,1112.4,294.3,3631,3079.9,389.7,48.26,122.5,1.5
1972M03,1.77,1.77,1.77,…,0.19,0.54,…,…,0.31,0.87,670.2,10.33,1108.2,320.5,3789.7,3079.9,397.4,48.33,122.5,1.54
1972M04,1.77,1.77,1.77,…,0.19,0.54,…,…,0.31,0.87,670.2,10.33,1133,315.9,3844.9,3079.9,395,49.03,122.5,1.57
1972M05,1.77,1.77,1.77,…,0.19,0.54,…,…,0.33,0.86,599.66,10.33,1106.4,317.9,3765.5,3079.9,386.2,54.62,122.5,1.58
1972M06,1.77,1.77,1.77,…,0.19,0.54,…,…,0.33,0.83,566.59,10.33,1063.2,311.9,3741.2,3079.9,371,62.09,122.5,1.57
1972M07,1.87,1.87,1.87,…,0.19,0.54,…,…,0.32,0.78,537.93,10.33,1034.6,303.7,3732.4,3079.9,363.7,65.66,128,1.74
1972M08,1.87,1.87,1.87,…,0.19,0.54,…,…,0.32,0.74,540.13,10.33,1046.7,297.8,3754.5,3079.9,363.5,67.03,132.5,1.85
1972M09,1.87,1.87,1.87,…,0.19,0.54,…,…,0.31,0.73,537.93,10.33,1060.6,302.4,3803,3079.9,368.4,65.46,132.5,1.78
1972M10,1.87,1.87,1.87,…,0.19,0.54,…,…,0.36,0.78,537.93,10.33,917.5,297.2,3758.9,3079.9,363.7,64.86,132.5,1.81
1972M11,1.87,1.87,1.87,…,0.19,0.54,…,…,0.37,0.81,540.13,10.33,1007.1,298,3701.6,3079.9,378.9,62.91,132.5,1.83
1972M12,1.87,1.87,1.87,…,0.19,0.54,…,…,0.4,0.86,540.13,10.33,1024.4,308.4,3730.2,3079.9,375,63.91,132.5,1.98
1973M01,2.08,2.08,2.08,…,0.21,0.69,…,…,0.44,0.89,542.34,10.33,1119,318.3,3789.7,3373.1,387,65.14,132.5,2.02
1973M02,2.08,2.08,2.08,…,0.21,0.69,…,…,0.46,0.91,557.77,10.33,1243.6,339.9,4027.8,3373.1,422,74.2,141.97,2.24
1973M03,2.08,2.08,2.08,…,0.21,0.69,…,…,0.55,0.96,571,10.33,1509.5,372.1,4288,3373.1,474,84.37,152.5,2.31
1973M04,2.35,2.35,2.35,…,0.21,0.69,…,…,0.54,1.03,571,10.33,1588.4,387.1,4270.3,3373.1,513,90.5,152.5,2.21
1973M05,2.35,2.35,2.35,…,0.21,0.69,…,…,0.55,1.15,582.02,10.33,1552.2,396.4,4347.5,3373.1,549,101.96,152.5,2.4
1973M06,2.35,2.35,2.35,…,0.21,0.69,…,…,0.67,1.22,601.86,10.33,1748.7,425.3,4530.5,3373.1,656,120.12,152.5,2.62
1973M07,2.7,2.7,2.7,…,0.21,0.69,…,…,0.85,1.46,634.93,10.33,2021.2,469.8,4962.6,3373.1,842,120.17,152.5,2.71
1973M08,2.7,2.7,2.7,…,0.21,0.69,…,…,0.82,1.67,619.5,10.33,2123,447.5,5004.5,3373.1,914,106.76,152.5,2.64
1973M09,2.7,2.7,2.7,…,0.21,0.69,…,…,0.73,1.91,604.07,10.33,1936.1,444.7,5011.1,3373.1,976,102.97,155.24,2.68
1973M10,4.1,4.1,4.1,…,0.21,0.69,…,…,0.71,1.93,621.7,10.33,2065.3,471.6,5359.4,3373.1,1163,100.08,160.5,2.89
1973M11,4.1,4.1,4.1,…,0.21,0.69,…,…,0.8,1.75,650.36,10.33,2273,490,5573.3,3373.1,1625,94.92,160.5,2.86
1973M12,4.1,4.1,4.1,…,0.21,0.69,…,…,1.01,1.82,632.73,10.33,2244.3,593.5,6461.7,3373.1,1623,106.72,160.5,3.14
1974M01,13,13,13,…,0.29,1.73,…,…,1.08,1.99,604.07,13.38,2032.4,565.7,6503.6,3571.5,1330,129.19,162.68,3.64
1974M02,13,13,13,…,0.29,1.73,…,…,0.98,1.84,619.5,13.38,2291.7,649.2,7418.5,3571.5,1516,150.13,172.5,5.36
1974M03,13,13,13,…,0.29,1.73,…,…,0.94,1.69,687.84,13.38,2743.4,708.3,8218.8,3571.5,1630,168.42,172.5,5.33
1974M04,10.6,10.6,10.6,…,0.29,1.73,…,…,0.84,1.61,751.78,13.38,3031.8,702,9206.5,3571.5,1743,172.24,172.5,5.04
1974M05,10.6,10.6,10.6,…,0.29,1.73,…,…,0.86,1.47,765,13.38,2875.7,668.7,9305.7,3571.5,1782,163.27,174.55,5.43
1974M06,10.6,10.6,10.6,…,0.29,1.73,…,…,0.74,1.40,756.18,13.38,2440,570.1,9041.1,3571.5,1410,154.1,195,4.9
1974M07,10,10,10,…,0.29,1.73,…,…,0.67,1.32,760.59,13.38,1919.1,548.5,8547.3,4079,1097,142.98,195,4.42
1974M08,10,10,10,…,0.29,1.73,…,…,0.68,1.33,848.78,13.38,1802.9,549.6,8787.6,4079,1066,154.64,195,4.43
1974M09,10,10,10,…,0.29,1.73,…,…,0.6,1.32,837.76,13.38,1460.5,539.3,9166.8,4079,911,151.75,195,4.05
1974M10,10.3,10.3,10.3,…,0.29,1.73,…,…,0.58,1.26,844.37,13.38,1398.8,537.3,7409.7,4079,825,158.78,195,4.83
1974M11,10.3,10.3,10.3,…,0.29,1.73,…,…,0.5,1.17,842.16,13.38,1416.7,534.2,7403.1,4079,794,181.66,195,4.69
1974M12,10.3,10.3,10.3,…,0.29,1.73,…,…,0.56,1.09,859.8,13.38,1289,534.2,7202.5,4079,771,183.78,195,4.39
1975M01,10.42,10.42,10.42,…,0.43,1.68,…,…,0.55,1.05,895.08,17.3,1211.2,538.4,7676.5,4431,799,176.27,195,4.19
1975M02,10.42,10.42,10.42,…,0.43,1.68,…,…,0.58,1.06,908.3,17.3,1266.5,541.2,7557.4,4431,794,179.6,180.53,4.37
1975M03,10.42,10.42,10.42,…,0.43,1.68,…,…,0.57,1.09,917.12,17.3,1344.2,542.8,7383.3,4431,803,178.16,175,4.33
1975M04,10.42,10.42,10.42,…,0.43,1.68,…,…,0.53,1.16,897.28,17.3,1329.2,479.5,7129.7,4431,783,169.84,163.06,4.21
1975M05,10.42,10.42,10.42,…,0.43,1.68,…,…,0.53,1.22,903.89,17.3,1253.8,356.9,6898.3,4431,747,167.39,160,4.54
1975M06,10.42,10.42,10.42,…,0.43,1.68,…,…,0.54,1.23,903.89,17.3,1193,353.4,6926.9,4431,751,164.24,160,4.49
1975M07,10.43,10.43,10.43,…,0.43,1.68,…,…,0.57,1.25,864.21,17.3,1222.4,359.3,6810.1,4431,707,165.17,162.73,4.7
1975M08,10.43,10.43,10.43,…,0.43,1.68,…,…,0.59,1.31,837.76,17.3,1277.1,383.6,6774.8,4431,737,163,175,4.93
1975M09,10.43,10.43,10.43,…,0.43,1.68,…,…,0.56,1.33,826.73,17.3,1210.1,370,6558.7,4852,724,144.17,175,4.52
1975M10,10.46,10.46,10.46,…,0.43,1.68,…,…,0.53,1.32,815.71,17.3,1178.8,344.6,6347.1,4852,706,142.79,172.17,4.33
1975M11,10.46,10.46,10.46,…,0.43,1.68,…,…,0.57,1.30,813.5,17.3,1179.7,337.3,6281,4852,705,142.42,160,4.33
1975M12,10.46,10.46,10.46,…,0.43,1.68,…,…,0.62,1.35,837.76,17.3,1151,333.1,6175.1,4852,686,139.3,160,4.08
1976M01,11.51,11.51,11.51,…,0.54,1.74,…,…,0.64,1.47,853.19,22.72,1193,337,6241.3,4850,692,131.05,160,4.06
1976M02,11.51,11.51,11.51,…,0.54,1.74,…,…,0.71,1.52,850.98,22.72,1219,348,6508,4850,690,131.06,160,4.09
1976M03,11.51,11.51,11.51,…,0.54,1.74,…,…,0.74,1.54,815.71,22.72,1329,384,6902.7,4850,728,132.76,160,4.19
1976M04,11.51,11.51,11.51,…,0.55,1.74,…,…,0.75,1.56,820.12,22.72,1510,454,7123.1,4850,789,127.94,160,4.36
1976M05,11.51,11.51,11.51,…,0.55,1.74,…,…,0.81,1.61,824.53,22.72,1512,483,7449.4,4850,774,126.92,160,4.49
1976M06,11.51,11.51,11.51,…,0.58,1.74,…,…,0.85,1.80,804.69,22.72,1550,476,7766.9,4850,750,125.71,163.54,4.81
1976M07,11.6,11.6,11.6,…,0.58,1.74,…,…,0.79,2.00,903.89,22.72,1647,509,8496.6,4850,776,117.73,171.12,4.76
1976M08,11.6,11.6,11.6,…,0.6,1.74,…,…,0.78,1.92,939.17,22.72,1539,483,8084.3,4850,741,109.93,156.15,4.28
1976M09,11.6,11.6,11.6,…,0.6,1.74,…,…,0.77,1.88,996.49,22.72,1459,481,7960.9,4938,712,114.15,158.24,4.3
1976M10,11.9,11.9,11.9,…,0.62,1.74,…,…,0.83,1.92,947.99,22.72,1285,465,7971.9,5313,639,116.15,157.9,4.22
1976M11,11.9,11.9,11.9,…,0.63,1.74,…,…,0.83,1.91,947.99,22.72,1279,459,8121.8,5313,604,130.46,156.83,4.35
1976M12,11.9,11.9,11.9,…,0.64,1.74,…,…,0.79,1.84,974.44,22.72,1287,478,8399.6,5313,642,133.93,151.99,4.36
1977M01,12.5,12.5,12.5,…,0.67,1.79,2.77,…,0.82,1.75,1058.22,23.06,1396,560,9486.5,5313,692,132.26,154.55,4.42
1977M02,12.5,12.5,12.5,…,0.71,1.79,2.77,…,0.82,1.86,1078.06,23.06,1426,648,10227.2,5313,703,136.24,161.27,4.53
1977M03,12.5,12.5,12.5,…,0.75,1.79,2.77,…,0.82,1.92,1082.47,23.06,1515,703,10372.7,5313,719,148.23,162.99,4.87
1977M04,12.45,12.45,12.45,…,0.77,1.79,2.77,…,0.79,1.89,1082.47,23.06,1429,648,9596.7,5187,655,149.17,160.74,4.79
1977M05,12.45,12.45,12.45,…,0.77,1.79,2.77,…,0.78,1.78,1082.47,23.06,1371,661,9843.6,5282,611,146.61,156.55,4.7
1977M06,12.45,12.45,12.45,…,0.82,1.79,2.77,…,0.77,1.61,1102.31,23.06,1312,567,9627.6,5313,542,140.78,150.36,4.48
1977M07,12.63,12.63,12.63,…,0.83,1.79,2.77,…,0.77,1.57,1170.65,23.06,1248,562,10416.8,5313,542,143.39,149.57,4.53
1977M08,12.63,12.63,12.63,…,0.82,1.79,2.77,…,0.8,1.51,1183.88,23.06,1160,551,11309.7,5313,520,144.94,148.86,4.47
1977M09,12.63,12.63,12.63,…,0.83,1.79,2.77,…,0.86,1.43,1183.88,23.06,1195,582,11157.6,5313,518,149.53,150.33,4.54
1977M10,12.68,12.68,12.68,…,0.84,1.79,2.77,…,0.87,1.39,1203.72,23.06,1210,615,12153.8,4586,511,158.95,157.62,4.76
1977M11,12.68,12.68,12.68,…,0.83,1.79,2.77,…,0.86,1.41,1236.79,23.06,1182,633,12676.6,4586,525,162.1,169.67,4.83
1977M12,12.68,12.68,12.68,…,0.84,1.79,2.77,…,0.83,1.42,1261.04,23.06,1261,686,12784.6,4586,538,160.45,177.35,4.72
1978M01,12.66,12.66,12.66,…,0.87,2.3,3.04,…,0.85,1.46,1316.16,21.45,1261,664,12121,4586,518,173.18,201.73,4.92
1978M02,12.66,12.66,12.66,…,0.88,2.3,3.04,…,0.86,1.53,1320.57,21.45,1217,582,12149.7,4586,478,178.14,224.41,4.96
1978M03,12.66,12.66,12.66,…,0.89,2.3,3.04,…,0.87,1.58,1298.52,21.45,1254,582,11422.1,4586,507,183.61,226.78,5.27
1978M04,12.68,12.68,12.68,…,0.88,2.3,3.04,…,0.86,1.60,1258.84,21.45,1285,573,11005.5,4696,553,175.28,214.09,5.17
1978M05,12.7,12.7,12.7,…,0.91,2.3,3.04,…,0.91,1.63,1236.79,21.45,1303,545,11704.3,4696,562,176.31,232.73,5.13
1978M06,12.73,12.73,12.73,…,0.91,2.3,3.04,…,0.98,1.60,1247.81,21.45,1333,570,12356.9,4645,578,183.75,244.96,5.33
1978M07,12.77,12.77,12.77,…,0.89,2.3,3.04,…,0.98,1.55,1289.7,21.45,1337,582,12414.2,4586,584,188.73,245.64,5.36
1978M08,12.79,12.79,12.79,…,0.91,2.3,3.04,…,1.03,1.59,1320.57,21.45,1426,639,12994.5,4586,618,206.3,267.35,5.54
1978M09,12.8,12.8,12.8,…,0.92,2.3,3.04,…,1.09,1.63,1382.3,21.45,1442,693,13889.1,4586,634,212.08,269.34,5.59
1978M10,12.85,12.85,12.85,…,0.92,2.3,3.04,…,1.16,1.67,1424.63,21.45,1506,830,15256,4586,713,227.44,331.83,5.94
1978M11,13.2,13.2,13.2,…,0.93,2.3,3.04,…,1.14,1.73,1394.42,21.45,1481,824,15035.5,4586,695,206.2,328.51,5.87
1978M12,14.5,14.5,14.5,…,0.96,2.3,3.04,…,1.08,1.71,1408.75,21.45,1533,859,14153.7,4586,687,207.85,340.44,5.94
1979M01,17.45,18.95,15.95,…,1.02,3.26,3.69,…,1.07,1.68,1264.76,23.5,1659,992,13853.8,4586,720,227.28,358.47,6.2
1979M02,20.75,22,19.5,…,1.05,3.26,3.69,…,1.13,1.67,1441.91,23.5,1944,1055,14526.2,4546,793,245.67,410.41,7.35
1979M03,22.02,23.25,20.8,…,1.1,3.26,3.69,…,1.16,1.69,1541.69,23.5,2050,1177,15022.3,4819,795,242.05,397.76,7.42
1979M04,22.43,23.65,21.2,…,1.11,3.26,3.69,…,1.24,1.64,1569.19,23.5,2100,1161,15136.9,5379,789,239.11,391.16,7.44
1979M05,33.5,32.75,34.25,…,1.15,3.26,3.69,…,1.28,1.68,1576.08,23.5,1926,1239,15361.8,5968,778,257.59,430.39,8.38
1979M06,34.67,36.5,32.85,…,1.17,3.26,3.69,…,1.38,1.70,1596.56,23.5,1877.9,1382,16135.6,6519,754,279.07,430.29,8.56
1979M07,33.5,35,32,…,1.2,3.26,3.69,…,1.33,1.70,1534.47,23.5,1814,1272,15780.7,6614,722,294.74,411.79,9.05
1979M08,34,35.75,32.25,…,1.24,3.26,3.69,…,1.31,1.71,1561.89,23.5,1976.4,1213,14793,6614,665,300.82,394.34,9.31
1979M09,35.5,36.5,34.5,…,1.24,3.26,3.69,…,1.3,1.72,1615.61,23.5,2095.9,1231,15399.3,6614,724,354.95,462.93,13.76
1979M10,37.25,38.5,36,…,1.28,3.26,3.69,…,1.3,1.72,1786.22,23.5,2075.9,1319,16012.2,6614,707,391.66,519.87,16.63
1979M11,40.75,42,39.5,…,1.29,3.26,3.69,…,1.31,1.77,1832.55,23.5,2090,1225,16360.5,6614,702,391.99,505.64,16.65
1979M12,39.75,40.5,39,…,1.31,3.26,3.69,…,1.34,1.82,1913.49,23.5,2214,1233,16986.6,6945,751,455.08,600.53,22.45
1980M01,39,40,38,…,1.37,4.22,5.7,…,1.52,1.93,2054.86,28.09,2601,1118,17013,6584.8,774,675.31,806.79,38.88
1980M02,37.25,38.5,36,…,1.42,4.22,5.7,…,1.66,2.10,2131.01,28.09,2918,1168,17100.4,6978.9,870,665.32,882.31,35.24
1980M03,37,38.25,35.75,…,1.46,4.22,5.7,…,1.46,2.03,1978.38,28.09,2306,1121,17470.3,6733.8,743,553.58,746.54,24.73
1980M04,36.58,38.15,35,…,1.51,4.22,5.7,…,1.33,2.00,1932.46,28.09,2070,969,17017.2,6233.3,708,517.41,589.06,14.95
1980M05,37.05,38.5,35.6,…,1.56,4.22,5.7,…,1.33,1.96,1775.8,28.09,2037,772,17041.7,6000.8,691.5,513.8,559.65,12.68
1980M06,37,38,36,…,1.57,4.22,5.7,…,1.36,1.89,1668.96,28.09,2006,739,17223.9,6294.9,678.1,600.72,641.84,15.78
1980M07,35.38,37.4,33.35,…,1.64,4.22,5.7,…,1.35,1.98,1758.07,28.09,2176,811,17090.8,6622.2,714,643.27,670.35,16.32
1980M08,32.95,33.6,32.3,…,1.64,4.22,5.7,…,1.4,2.12,1783.63,28.09,2082.1,853,17018.4,6584.5,769,627.15,644.24,15.94
1980M09,32.83,33.4,32.25,…,1.69,4.22,5.7,…,1.46,2.20,1655.07,28.09,2060,883,17308.3,6655.3,796,673.63,695.88,19.89
1980M10,37.35,37.9,36.8,…,1.71,4.22,5.7,…,1.42,2.17,1626.15,28.09,2040,879,16692.1,6691.9,805,661.15,675.6,20.2
1980M11,40.3,40.85,39.75,…,1.76,4.22,5.7,…,1.42,2.16,1503.91,28.09,2010,813,15615.5,6452.7,802,624.77,632.6,18.58
1980M12,39.75,40.15,39.35,…,1.74,4.22,5.7,…,1.38,2.20,1430.66,28.09,1879,743,14707,6391,784,538.26,604.34,16.46
1981M01,39.77,40.3,39.25,…,1.77,4.6,6.03,…,1.37,2.18,1430.83,28.09,1869.1,705.3,14332.7,6403.8,777.4,557.39,536.01,14.79
1981M02,37.9,38.7,37.1,…,1.81,4.6,6.03,…,1.32,2.12,1452.38,28.09,1801,689.3,13633.4,6370.7,731,499.76,479.69,13.06
1981M03,37.6,38.35,36.85,…,1.86,4.6,6.03,…,1.26,2.04,1442.95,28.09,1818,729.7,13633,6292.4,751,499.11,490.88,12.34
1981M04,36.37,37.19,35.55,…,1.93,4.6,6.03,…,1.15,1.98,1369.23,28.09,1821,758.7,13365,6307,824,495.8,481.17,11.47
1981M05,34.28,35.19,33.38,…,1.95,4.6,6.03,…,1.16,1.95,1297,28.09,1742,696.9,12663.5,6352.2,851,479.7,461.92,10.85
1981M06,32.71,33.25,32.17,…,1.95,4.6,6.03,…,1.14,1.93,1232.41,28.09,1700,712.1,12603.5,6169.4,840,461.09,443.42,10
1981M07,33.51,35.06,31.96,…,2.01,4.6,6.03,…,1.03,1.89,1175.31,28.09,1681.9,784.3,13358,6150.2,865.1,409.07,406.71,8.58
1981M08,33.98,35.8,32.17,…,2.02,4.6,6.03,…,1.07,1.77,1230.83,28.09,1787,824,14485,5999.2,955,410.16,417.6,8.92
1981M09,33.99,35.91,32.06,…,2.08,4.6,6.03,…,1.06,1.70,1168.91,28.09,1710.4,763.6,14935.1,5579,939.2,443.75,435.61,10.05
1981M10,34.61,36.54,32.68,…,2.11,4.6,6.03,…,1.02,1.67,1140.18,28.09,1666.3,716.5,15112.6,5216.8,891.7,437.76,420.25,9.23
1981M11,35.68,37.12,34.24,…,2.15,4.6,6.03,…,0.99,1.65,1081.85,28.09,1651.4,666,15836.2,5100.2,876.9,413.37,397.07,8.54
1981M12,35.41,36.7,34.12,…,2.16,4.6,6.03,…,0.9,1.58,1130.88,28.09,1655.3,674.3,15951.5,5496.1,845.5,410.09,399.45,8.45
1982M01,35.05,35.85,34,35.3,2.23,4.45,6.05,…,0.91,1.55,1113.3,32.5,1610.6,648.2,16133.1,5628.8,818.5,384.14,369.59,7.99
1982M02,32.27,31.62,30.4,34.8,2.3,4.45,6.05,…,0.88,1.54,1087.7,32.5,1598,618,15992.6,5716.8,822.9,374.13,359.63,8.28
1982M03,30.17,29.3,28.6,32.6,2.35,4.45,6.05,…,0.88,1.55,1029.2,32.5,1510.4,612.5,12766.3,5653.3,789.7,330.25,317.62,7.23
1982M04,31.57,33.12,30.88,30.7,2.4,4.45,6.05,…,0.89,1.58,996.2,32.5,1521.7,574.7,12618.1,5394,742.5,350.3,337.93,7.31
1982M05,33.04,35.18,33.35,30.6,2.45,4.45,6.05,…,0.9,1.69,973.3,32.5,1527.7,574.7,12735.9,5211.9,750.2,333.71,310.39,6.68
1982M06,32.77,34.6,32.65,31.05,2.45,4.45,6.05,…,0.84,1.67,918.8,32.5,1300,520.7,11087,5186.6,691.9,314.98,276.26,5.56
1982M07,32.92,33.7,31.7,33.35,2.47,4.45,6.05,…,0.83,1.73,957.8,32.5,1440.9,552.4,11316.6,5068.6,726.9,338.97,287.97,6.46
1982M08,32.42,32.85,31.2,33.2,2.53,4.45,6.05,…,0.84,1.66,958.9,32.5,1451.5,522.9,12195.7,4953.1,715.5,364.23,296.81,7.11
1982M09,33.47,34.25,33.05,33.1,2.56,4.45,6.05,…,0.85,1.60,959.5,32.5,1426.5,515.3,12675.7,4310.3,749.5,437.31,334.13,8.78
1982M10,33.78,35,33.4,32.95,2.6,4.45,6.05,…,0.85,1.55,951.5,32.5,1461,497.4,12413.8,3916.5,751.3,422.15,334.54,9.39
1982M11,32.85,33.8,31.75,33,2.62,4.45,6.05,…,0.83,1.52,965.2,32.5,1443.8,462.4,11981.9,3433.7,710,414.89,345.91,9.79
1982M12,31.47,31.75,30.1,32.55,2.62,4.45,6.05,…,0.8,1.54,987.4,32.5,1473.2,448,11992.9,3576.3,668.5,444.5,368.72,10.57
1983M01,30.65,30.85,30.05,31.06,2.66,4.05,5.55,…,0.82,1.58,1076.5,29,1571.9,475.3,12082.6,3797,699.1,481.29,452.85,12.34
1983M02,29.11,29.1,29,29.24,2.66,4.05,5.55,…,0.94,1.64,1230.4,29,1647.4,454.5,13034.2,4228.2,681.4,491.09,464.51,13.98
1983M03,28.32,28.2,28.1,28.66,2.58,4.05,5.55,…,1.06,1.74,1301.8,29,1597.7,443.3,13426,4831.9,678.4,419.7,401.06,10.64
1983M04,29.69,29.75,28.7,30.63,2.53,4.05,5.55,…,1.13,1.77,1363.6,29,1674.9,457.6,13792.8,4817.8,697.5,432.88,413.68,11.61
1983M05,29.36,29.6,28.5,29.98,2.53,4.05,5.55,…,1.05,1.81,1453.4,29,1765.7,433.1,13522.9,5031.6,735.6,438.01,448.52,12.92
1983M06,29.97,30.2,28.75,30.95,2.59,4.05,5.55,…,1.08,1.90,1465.6,29,1701.2,408.1,13354,4883.2,718.4,412.84,422.37,11.74
1983M07,30.47,30.8,29,31.6,2.52,4.05,5.55,…,1.13,1.95,1520.2,29,1704.3,403.3,13193,4804.1,739.8,402.91,433.27,12.03
1983M08,30.65,31.1,28.9,31.96,2.58,4.05,5.55,…,1.13,2.00,1603.6,29,1639.8,398,12826,4852.8,808.9,416.2,435.56,12.06
1983M09,30.07,30.35,28.6,31.26,2.67,4.05,5.55,…,1.09,1.98,1613.7,29,1560.7,404.7,12755.3,4910.6,837.8,411.8,431.11,11.96
1983M10,29.62,29.85,28.6,30.4,2.58,4.05,5.55,…,1.09,1.94,1566.3,29,1435.2,419.4,12750.8,4674.2,859,393.6,395.87,9.89
1983M11,29.17,29.2,28.3,30,2.6,4.05,5.55,…,1.11,1.97,1516.8,29,1389.1,404.7,12772.5,4585.2,859.1,381.7,387.67,8.81
1983M12,28.81,28.95,28.25,29.24,2.61,4.05,5.55,…,1.13,1.97,1549.3,29,1415.2,402.1,12345.5,4657,857,388.34,393.22,9.15
1984M01,29.04,29.56,27.73,29.84,2.67,3.76,5.24,…,1.14,1.93,1548.9,26.15,1375.7,397.5,12117.8,4670.5,957.8,370.89,376.25,8.25
1984M02,29.2,29.88,27.65,30.08,2.71,3.76,5.24,…,1.14,1.93,1491.2,26.15,1429.8,404.5,12297.7,4639.8,998.4,385.96,391.23,9.12
1984M03,29.53,30.08,27.79,30.73,2.67,3.76,5.24,…,1.12,1.95,1455.8,26.15,1501.2,459.5,12406.1,4780.7,1040.6,394.26,398.43,9.65
1984M04,29.57,30.13,27.96,30.63,2.64,3.76,5.24,…,1.07,1.96,1370.3,26.15,1532.6,481.7,12445,4911.5,1004.1,381.37,391.62,9.25
1984M05,29.46,29.9,28.03,30.45,2.67,3.76,5.24,…,0.98,1.97,1289.1,26.15,1420.9,453.1,12582.8,4811.4,1001.3,377.4,387.86,8.97
1984M06,29.05,29.2,27.91,30.04,2.7,3.76,5.24,…,0.88,1.85,1275,26.15,1366.5,484.3,12662.2,4773.2,941.5,377.7,381.55,8.77
1984M07,27.99,27.91,27.26,28.79,2.68,3.76,5.24,…,0.89,1.74,1162.8,26.15,1330.8,493.6,12438.7,4640.3,853.6,347.71,343.32,7.46
1984M08,28.17,28.11,27.23,29.17,2.69,3.76,5.24,…,0.91,1.66,1135.8,26.15,1337.5,467.4,12302.2,4736,834.1,347.7,339.78,7.6
1984M09,28.35,28.36,27.4,29.3,2.62,3.76,5.24,…,0.92,1.61,1012.1,26.15,1293.6,401.6,12091.1,4705.5,873.3,340.2,326.7,7.25
1984M10,27.85,27.81,27.11,28.64,2.63,3.76,5.24,…,0.85,1.62,1027.9,26.15,1273,412,11744.9,4750.3,843.7,341,324.34,7.29
1984M11,27.65,27.7,27.09,28.16,2.61,3.76,5.24,…,0.81,1.60,1151.8,26.15,1345.1,440.5,11991.2,4748.3,855.1,342,328.49,7.49
1984M12,26.81,26.98,26.76,26.7,2.57,3.76,5.24,…,0.79,1.59,1095.2,26.15,1321.1,415.6,11722.2,4859,859.7,319.54,304.13,6.64
1985M01,26.63,26.95,27.3,25.65,2.64,3.65,5.23,…,0.76,1.57,1075.4,26.56,1359.1,420.5,11073.4,4947.2,867.1,302.79,274.39,6.1
1985M02,27.6,28.2,27.25,27.35,2.71,3.65,5.23,…,0.74,1.51,1098.2,26.56,1388.5,368.2,10946,5050.8,886.6,299.1,269.4,6.06
1985M03,27.85,28.1,27.15,28.3,2.62,3.65,5.23,…,0.74,1.48,1095.3,26.56,1389.9,352,11210.6,5211.7,920.9,313.5,260.76,5.99
1985M04,27.8,27.9,26.65,28.85,2.64,3.65,5.23,…,0.79,1.46,1106.3,26.56,1501.8,389.6,11806.4,5489.5,931.3,326.8,282.72,6.44
1985M05,26.65,26.65,25.65,27.65,2.53,3.65,5.23,…,0.77,1.43,1105.2,26.56,1530.6,376,11909.8,5604.1,881.3,316,272.38,6.27
1985M06,26.37,26.45,25.45,27.2,2.58,3.65,5.23,…,0.81,1.39,1032.2,26.56,1432.4,389.4,12385.8,5553.4,808,316.5,267.8,6.18
1985M07,26.38,26.6,25.7,26.85,2.51,3.65,5.23,…,0.78,1.34,1011.6,26.56,1474.6,403.1,12755.8,5090.5,766.8,317.2,268.91,6
1985M08,27.02,27.15,26.3,27.6,2.47,3.65,5.23,…,0.76,1.26,1019.3,26.56,1420.2,413.6,12647.2,4907.5,735.1,330.4,307.8,6.15
1985M09,26.98,27.15,26.15,27.65,2.42,3.65,5.23,…,0.73,1.18,985.1,26.56,1366.4,400.4,12325.2,4570.2,689.5,323.35,311.15,6.05
1985M10,27.82,27.9,26.7,28.85,2.37,3.65,5.23,…,0.75,1.08,970.5,26.56,1384.7,393.4,12391.1,4239.5,631.9,325.85,323.46,6.18
1985M11,28.6,29.05,26.9,29.85,2.36,3.65,5.23,…,0.74,1.06,950.4,26.56,1369.5,394.2,9903.2,4034.5,597.5,321.5,334.4,6.1
1985M12,26.5,25.85,26.3,27.35,2.28,3.65,5.23,…,0.73,1.06,1039.2,26.56,1390.9,389.9,9114,4089.6,685.3,321.9,336.82,5.85
1986M01,24.68,25.75,25.4,22.9,2.28,3.65,4.1,…,0.74,1.14,1119.24,26.26,1418.3,368.4,7910,4034.5,644,347.48,363.76,6.02
1986M02,15.92,17.55,14.8,15.4,2.26,3.65,4.1,…,0.79,1.20,1114.85,26.26,1405.5,367.3,7922.9,3988.2,608.7,338.89,376.04,5.86
1986M03,12.65,13.85,11.45,12.65,2.16,3.65,4.1,…,0.78,1.15,1168.01,26.26,1445.1,367.2,7313.6,4122.6,625.7,345.7,413.64,5.62
1986M04,11.9,12.5,10.3,12.9,2.1,3.65,4.1,…,0.75,1.07,1164.44,26.26,1434.6,369.5,5686.1,3999.2,659.9,340.44,418.39,5.19
1986M05,13.72,14.2,11.5,15.45,1.96,3.65,4.1,…,0.77,1.00,1164.3,26.26,1418.74,376.5,5474.2,4043.3,707.3,342.4,413.62,5.07
1986M06,11.85,11.85,10.2,13.5,1.85,3.65,4.1,…,0.78,0.90,1183.04,26.26,1413.14,418.4,5378.3,4087.4,804.2,342.7,432.49,5.13
1986M07,9.62,9.45,7.85,11.55,1.8,3.65,4.1,…,0.81,0.83,1123.06,26.26,1344.3,379.8,5386.6,3911,807.1,348.34,438.8,5.03
1986M08,13.7,13.65,12.15,15.3,1.77,3.65,4.1,…,0.84,0.82,1129.23,26.26,1303.1,392.2,5404.3,3807.4,816,376.66,540.33,5.18
1986M09,14.08,14.2,13.1,14.95,1.78,3.65,4.1,…,0.86,0.96,1205.82,26.26,1347,407.2,5397.2,3723.6,871.1,417.73,604.48,5.63
1986M10,13.95,13.8,13.15,14.9,1.73,3.65,4.1,…,0.88,1.13,1161.94,26.26,1316.8,434.6,5542.8,3644.2,886.2,423.51,581.25,5.64
1986M11,14.45,14.55,13.55,15.25,1.77,3.65,4.1,…,0.84,1.16,1131.81,26.26,1303.2,473.4,6092.3,3642,820,397.56,517.07,5.55
1986M12,15.68,15.9,14.9,16.25,1.76,3.65,4.1,…,0.84,1.30,1133.48,26.26,1335.6,518.4,6428.1,3571.5,798.2,390.92,480.61,5.35
1987M01,18.07,18.4,17.2,18.6,1.74,2.59,3.35,…,0.88,1.45,1171.4,25.3,1346,464.1,6712.7,3525.2,759.7,408.26,515.97,5.51
1987M02,17.25,17.3,16.7,17.75,1.73,2.59,3.35,…,0.9,1.45,1283.44,25.3,1379.83,460.4,6688.4,3717,740.4,401.12,517.86,5.48
1987M03,17.75,17.9,16.9,18.45,1.73,2.59,3.35,…,0.9,1.39,1367.26,25.3,1465.72,487,6631.5,3772.1,731.6,408.91,532.63,5.66
1987M04,17.9,18.1,16.95,18.65,1.69,2.59,3.35,…,0.93,1.46,1400.97,25.3,1484.24,555.6,6699.8,3897.8,761.9,438.35,585.65,7.35
1987M05,18.4,18.75,17.05,19.4,1.65,2.59,3.35,…,0.95,1.69,1411.6,25.3,1520.44,693.3,6747.4,4435.7,838.7,460.23,606.73,8.46
1987M06,18.72,18.85,17.25,20.05,1.65,2.59,3.35,…,0.98,1.75,1472.33,25.3,1571.87,629.3,6610.4,4435.7,878.4,449.59,569,7.42
1987M07,19.62,19.8,17.75,21.3,1.66,2.59,3.35,…,1.02,1.84,1653.09,25.3,1694.62,663.6,6404.9,4753.2,829.8,450.52,572.35,7.61
1987M08,18.82,18.95,17.3,20.2,1.63,2.59,3.35,…,1.03,1.91,1810.37,25.3,1756.31,659.3,6556.1,5306.5,804.1,461.15,609.92,7.84
1987M09,18.28,18.35,17,19.5,1.56,2.59,3.35,…,1.06,1.84,1746.28,25.3,1811.01,646.8,6406.3,5333,756.7,460.38,590,7.61
1987M10,18.57,18.8,17.05,19.85,1.57,2.59,3.35,…,1.05,1.68,1962.66,25.3,1967.2,601.4,6763.8,5692.3,769.9,465.35,568.05,7.61
1987M11,17.75,17.8,16.6,18.85,1.64,2.59,3.35,…,1.04,1.67,1681,25.3,2523.9,642.2,6927.3,5937,848,467.57,500.3,6.76
1987M12,16.63,17.1,15.5,17.3,1.7,2.59,3.35,…,1.09,1.66,1823.93,25.3,2868.9,659.1,6829.4,7661.1,866.3,486.24,500.22,6.81
1988M01,16.47,16.85,15.4,17.15,1.96,2.36,3.34,…,1.1,1.59,2002.46,24.3,2663.2,666.8,6808.1,8073.3,878.5,476.58,494.07,6.74
1988M02,15.85,15.75,15.05,16.75,1.84,2.36,3.34,…,1.09,1.49,2138.02,24.3,2330.2,655.7,6690.1,8666.9,876.4,442.07,458.51,6.34
1988M03,14.78,14.75,13.4,16.2,1.7,2.36,3.34,…,1.12,1.46,2526.41,24.3,2359.3,648.7,6772.9,15496.8,981.9,443.61,496.38,6.41
1988M04,16.47,16.6,14.95,17.85,1.59,2.36,3.34,…,1.19,1.45,2508.35,24.3,2286.3,649.4,6752.6,18011.8,1069.2,451.55,526.98,6.48
1988M05,16.22,16.4,14.85,17.4,1.52,2.36,3.34,…,1.3,1.45,2988.16,24.3,2447.99,668.3,6777.6,17025,1176.7,451.07,548.84,6.54
1988M06,15.33,15.55,13.8,16.65,1.53,2.36,3.34,…,1.46,1.52,3577.86,24.3,2540.27,677.5,7035.8,15589.8,1365.3,451.33,579.63,7.02
1988M07,14.48,14.9,13.05,15.5,1.56,2.36,3.34,…,1.32,1.40,2582.05,24.3,2213.51,619.3,7148.8,14591.3,1237.4,437.63,548.64,7.04
1988M08,14.55,14.95,13.15,15.55,1.62,2.36,3.34,…,1.29,1.27,2701.14,24.3,2200.68,601.6,7322.7,14187,1309.2,431.28,532.88,6.71
1988M09,13.1,13.3,11.55,14.45,1.53,2.36,3.34,…,1.19,1.25,2387.12,24.3,2435.53,609.8,7408.5,11878.4,1330.3,413.46,512.57,6.38
1988M10,12.18,12.45,10.3,13.8,1.68,2.36,3.34,…,1.06,1.27,2309.49,24.3,2939.51,655.2,7252.7,11557.5,1519.9,406.78,525.73,6.28
1988M11,12.53,13,10.6,14,1.76,2.36,3.34,…,1.03,1.29,2381.76,24.3,3304.66,691.4,7312.4,13342,1559,420.17,575.78,6.29
1988M12,14.65,15.15,12.5,16.3,1.89,2.36,3.34,…,1.07,1.35,2502.65,24.3,3498.91,731,7337.4,16920,1594.3,419.05,564.11,6.12
1989M01,16.48,17,14.45,18,1.78,2.09,3.28,…,1.12,1.39,2397.55,27.83,3394.06,675.7,7409.6,17725,1734,404.01,526.93,6
1989M02,16.35,16.65,14.6,17.8,1.71,2.09,3.28,…,1.12,1.39,2183.05,27.83,3096.92,621.6,7873.7,18523.8,1932.4,387.51,531.94,5.88
1989M03,18.03,18.7,15.95,19.45,1.49,2.09,3.28,…,1.09,1.46,2073.71,27.83,3264.14,589.2,8760.5,17157.1,1961.6,390.15,538.03,5.96
1989M04,19.2,19.75,16.9,20.95,1.53,2.09,3.28,…,1.1,1.63,2125.75,27.83,3117.91,608.1,10195.9,15261.3,1656.4,384.4,537.67,5.79
1989M05,18.02,18.35,15.65,20.05,1.66,2.09,3.28,…,1.02,1.71,2259.31,27.83,2738.98,643.4,10143.7,13454.2,1628.4,371.05,516.75,5.45
1989M06,17.63,17.5,15.4,20,1.7,2.09,3.28,…,0.95,1.74,1914.16,27.83,2546.01,666.1,9935.5,12142.6,1539,367.6,497.35,5.27
1989M07,17.67,17.75,15.5,19.75,1.64,2.09,3.28,…,0.95,1.83,1755.93,27.83,2505,691.6,9605.2,12275,1616.9,375.04,501.91,5.22
1989M08,16.88,17.1,15,18.55,1.58,2.09,3.28,…,0.9,1.83,1798.32,27.83,2762.2,702.3,8715.6,12909.7,1730.4,365.14,484.64,5.18
1989M09,17.67,17.8,15.6,19.6,1.53,2.09,3.28,…,0.87,1.80,1717.93,27.83,2884.4,728.1,8269.7,11222.1,1628.9,361.75,477.67,5.13
1989M10,18.42,19,16.15,20.1,1.6,2.09,3.28,…,0.85,1.81,1820.02,27.83,2861.4,751.8,7922.4,10424.9,1584.6,366.88,485.82,5.14
1989M11,18.37,19.15,16.15,19.8,1.9,2.09,3.28,…,0.84,1.81,1736.09,27.83,2591.3,692.8,6837.3,9793.2,1437.6,394.26,510.19,5.48
1989M12,19.35,19.85,17.1,21.1,2.24,2.09,3.28,…,0.84,1.71,1633.26,27.83,2418.6,711,6744.1,8809.2,1455,409.39,506.81,5.57
1990M01,20.35,20.95,17.45,22.65,2.39,2.82,3.64,…,0.83,1.66,1528.25,32.5,2366.64,707.8,6592,7055.9,1297,410.11,497.66,5.25
1990M02,19.6,19.9,16.8,22.1,1.9,2.82,3.64,…,0.85,1.68,1454.28,32.5,2360.16,779.8,6156.1,6976.9,1396.8,416.81,516.1,5.29
1990M03,18.22,18.45,15.8,20.4,1.55,2.82,3.64,…,0.83,1.74,1567.39,32.5,2625.61,1062.3,6270.5,9266.8,1607.4,393.06,497.06,5.08
1990M04,16.55,16.75,14.3,18.6,1.49,2.82,3.64,…,0.84,1.83,1525.55,32.5,2686.15,836.1,6390.9,8939.5,1685.6,374.24,478.15,5.07
1990M05,16.58,16.7,14.6,18.45,1.47,2.82,3.64,…,0.85,1.89,1526.93,32.5,2741.95,825.6,6324.6,8698,1774.6,369.05,488.55,5.08
1990M06,15.27,15.7,13.25,16.85,1.47,2.82,3.64,…,0.85,1.99,1565.79,32.5,2584.56,838,6096,8422.1,1714.8,352.33,481.11,4.92
1990M07,17.17,17.55,15.3,18.65,1.41,2.82,3.64,…,0.86,2.01,1570.96,32.5,2769.49,875.4,5924.4,9318.2,1637,362.53,478.79,4.87
1990M08,26.4,27.05,25,27.15,1.36,2.82,3.64,…,0.88,1.79,1782.02,32.5,2957.03,876.1,5905.2,10957.4,1615.1,394.73,492.73,5.01
1990M09,32.7,34.1,30.3,33.7,1.44,2.82,3.64,…,0.9,1.79,2066.53,32.5,3031.37,838.5,5707,10844,1537.5,389.32,461.66,4.8
1990M10,34.5,36.05,31.55,35.9,1.69,2.82,3.64,…,0.9,1.79,1945.7,32.5,2743.56,760.9,6061.4,9145.4,1352.6,380.74,424.95,4.39
1990M11,31.08,33,27.95,32.3,2.1,2.82,3.64,…,0.9,1.82,1617.5,32.5,2585.89,701.2,5981.3,8587.4,1277.7,381.73,422.24,4.17
1990M12,26.13,28,23.25,27.15,2.11,2.82,3.64,…,0.88,1.85,1522.44,32.5,2485.38,624.8,5615.2,8157.6,1265.4,376.95,420.07,4.08
1991M01,22.58,23.65,19.4,24.7,1.67,3.44,3.99,…,0.87,1.85,1515.18,34.76,2448.52,600.4,5623.2,8568.8,1206.2,383.64,407.84,4.05
1991M02,18.13,19.4,14.45,20.55,1.36,3.41,3.99,…,0.85,1.87,1504.6,34.76,2449.38,593.8,5583.7,8672.3,1188.1,363.83,386.79,3.74
1991M03,18.07,19.45,14.85,19.9,1.34,3.33,3.99,…,0.83,1.86,1496,34.76,2409.63,603,5517.4,8700.8,1198.6,363.34,399.99,3.94
1991M04,18.47,19.25,15.35,20.8,1.33,3.47,3.99,…,0.82,1.83,1391.86,34.76,2472.04,600.9,5560,9021,1252.9,358.38,396.88,3.98
1991M05,18.82,19.3,15.9,21.25,1.31,3.37,3.99,…,0.82,1.82,1296.05,34.76,2305.88,555.2,5701.7,8452.4,1090.9,356.95,389.64,4.05
1991M06,17.93,18.2,15.4,20.2,1.2,3.29,3.99,…,0.84,1.78,1275.15,34.76,2219.28,549.4,5710.6,8280,1061.6,366.72,376.05,4.39
1991M07,19.05,19.45,16.25,21.45,1.19,3,3.99,…,0.82,1.70,1296.78,34.76,2236.28,548.1,5669.6,8541.3,1063.1,367.69,376.03,4.35
1991M08,19.37,19.75,16.65,21.7,1.31,2.98,3.99,…,0.82,1.62,1256.45,34.76,2233.19,540.2,5638.8,8144.7,1046.3,356.31,346.35,3.96
1991M09,20.05,20.5,17.8,21.85,1.63,2.97,3.99,…,0.81,1.55,1211.81,34.76,2324.57,539.8,5570.3,7680.7,1023.2,348.74,349.34,4.04
1991M10,21.47,22.2,18.95,23.25,1.77,2.71,3.99,…,0.83,1.50,1150.03,34.76,2363.64,522.3,5549.6,7443,991.7,358.69,362.48,4.12
1991M11,20.77,21.25,18.45,22.6,1.81,2.7,3.99,…,0.81,1.40,1134.8,34.76,2379.84,506.2,5505.5,7244.6,1093.3,360.17,365.11,4.07
1991M12,17.75,18.4,15.3,19.55,1.92,2.7,3.99,…,0.79,1.36,1097.55,34.76,2223.14,532.1,5510.1,7117.8,1188,361.73,353.3,3.94
1992M01,17.38,18.15,15.2,18.8,1.28,2.57,3.6,…,0.8,1.31,1177.07,33.1,2139.23,514.9,5476.9,7517.3,1153.7,354.45,341.19,4.11
1992M02,17.62,18.1,15.75,19,1.21,2.5,3.51,…,0.81,1.24,1266.83,33.1,2205.97,505,5615.7,7861.9,1130.7,353.91,362.12,4.15
1992M03,17.45,17.6,15.8,18.95,1.28,2.58,3.59,…,0.83,1.22,1280.47,33.1,2227.33,521.2,5632,7417.7,1214.6,344.34,356.94,4.11
1992M04,18.63,18.95,16.7,20.25,1.47,2.47,3.53,…,0.86,1.28,1317.05,33.1,2215.33,532.8,5838.9,7420.6,1304.3,338.62,347.3,4.05
1992M05,19.5,19.9,17.6,21,1.59,2.49,3.47,…,0.87,1.34,1306.79,33.1,2216.52,520.3,6121.1,7326.8,1372.9,337.24,358.59,4.07
1992M06,20.83,21.15,19,22.35,1.56,2.5,3.49,…,0.88,1.41,1275.55,33.1,2299.2,548.1,6618.8,7192.8,1385.2,340.81,369.13,4.06
1992M07,20.17,20.25,18.5,21.75,1.75,2.55,3.61,…,0.88,1.44,1313.05,33.1,2520.32,626.1,6989.4,7497.9,1320.2,352.72,383.12,3.97
1992M08,19.62,19.75,17.8,21.3,1.97,2.56,3.65,…,0.88,1.32,1305.05,33.1,2521.64,654.5,6780.4,7268,1360.4,343.06,359.55,3.81
1992M09,20.15,20.25,18.3,21.9,2.33,2.57,3.63,…,0.87,1.25,1269.61,33.1,2414.06,621.1,6643.2,6917.5,1366.9,345.43,362.14,3.77
1992M10,20.08,20.3,18.25,21.7,2.42,2.63,3.7,…,0.89,1.17,1173.78,33.1,2249.15,537.4,6016.7,6305.3,1163.6,344.38,358.07,3.75
1992M11,18.88,19.2,17.1,20.35,2.24,2.64,3.65,…,0.88,1.16,1159.05,33.1,2158.32,460.4,5723,5564.88,1046.9,335.02,356.11,3.77
1992M12,17.93,18.15,16.25,19.4,2.16,2.64,3.71,…,0.88,1.20,1207.1,33.1,2206.82,454.6,5756.2,5724.07,1057.9,334.82,361.97,3.73
1993M01,17.22,17.4,15.2,19.05,1.88,2.76,3.64,…,0.91,1.26,1206.76,29.09,2256.85,436.5,5900.9,5930.93,1061.1,329.01,359.14,3.68
1993M02,18.17,18.45,16,20.05,1.69,2.74,3.61,…,0.89,1.33,1201.85,29.09,2212.6,414,5790.9,6038.68,1072.1,329.31,359.02,3.66
1993M03,18.47,18.75,16.3,20.35,2.18,2.75,3.59,…,0.85,1.36,1151.33,29.09,2152.59,405.9,5659.4,5971.3,996.1,330.08,350.46,3.65
1993M04,18.43,18.65,16.35,20.3,2.35,2.68,3.62,…,0.82,1.35,1108.53,29.09,1949.88,420.7,5590.9,5972.33,1004.6,342.15,368.01,3.95
1993M05,18.17,18.5,16,20,2.17,2.68,3.57,…,0.81,1.33,1123.96,29.09,1794.5,407.2,5503.5,5762.55,980.4,367.18,385.16,4.46
1993M06,17.47,17.65,15.6,19.15,1.97,2.68,3.54,…,0.81,1.30,1165.3,29.09,1853.42,393.9,5112.7,5532.43,926,371.89,383.02,4.38
1993M07,16.32,16.8,14.25,17.9,2.06,2.66,3.54,…,0.81,1.27,1202.13,29.09,1927.16,388.2,4972.6,5036.2,927.6,392.19,403.65,5.02
1993M08,16.48,16.7,14.75,18,2.26,2.65,3.49,…,0.82,1.22,1172.14,29.09,1947.45,388.4,4809.3,4721.81,884,378.84,391.9,4.84
1993M09,15.9,16,14.2,17.5,2.27,2.62,3.48,…,0.82,1.22,1115.38,29.09,1861.86,375.7,4493.6,4352.89,874.2,355.28,362.46,4.22
1993M10,16.52,16.6,14.8,18.15,2.02,2.62,3.39,…,0.8,1.21,1087.1,29.09,1646.4,384.3,4681.1,4448.9,914.9,364.18,367.91,4.34
1993M11,15.2,15.15,13.7,16.75,2.26,2.62,3.36,…,0.81,1.21,1039.81,29.09,1630.02,400.3,4640.9,4633.89,928.4,373.83,374.41,4.53
1993M12,13.77,13.6,12.15,15.55,2.34,2.6,3.25,…,0.82,1.31,1094.3,29.09,1724.19,461.2,4777.9,5119.12,974.4,383.3,383.17,4.97
1994M01,14.13,14.25,13.15,15,2.34,2.47,3.12,…,0.81,1.53,1174.59,26.47,1805.35,490.1,4942.8,5577.95,996.7,386.88,387.8,5.15
1994M02,13.78,13.8,12.8,14.75,2.71,2.36,3.19,…,0.85,1.78,1269.93,26.47,1866.4,485.4,5443.4,5824.95,968.9,381.91,394.02,5.25
1994M03,13.62,13.95,12.25,14.65,2.21,2.36,3.15,…,0.91,1.80,1289.03,26.47,1914.87,451.5,5405.4,5587.54,935.9,384.13,400.28,5.44
1994M04,15.08,15.15,13.8,16.3,2.04,2.36,3.07,…,0.95,1.85,1278.72,26.47,1881.82,439.9,5385.7,5407.97,923.6,377.27,397.9,5.35
1994M05,16.28,16.2,14.8,17.85,1.92,2.36,3.06,…,0.98,1.90,1322.59,26.47,2150.6,473.5,5504.4,6086.65,955.6,381.43,398.01,5.42
1994M06,17.17,16.75,15.7,19.05,1.9,2.36,3.1,…,1.05,1.89,1400.58,26.47,2364.2,525.1,5509.2,6281.84,966.2,385.64,401.09,5.39
1994M07,17.88,17.6,16.4,19.65,1.96,2.42,3.14,…,1.25,1.80,1492.42,26.47,2458.19,580.1,5311.2,6226.76,964,385.49,411.95,5.28
1994M08,17,16.8,15.85,18.35,1.66,2.46,3.24,…,1.26,1.69,1455.36,26.47,2406.23,570.8,5161.5,5859.5,944.9,380.36,412.19,5.2
1994M09,16.2,15.9,15.25,17.45,1.49,2.48,3.28,…,1.27,1.66,1569.22,26.47,2505.93,613.5,5321.1,6364.75,992.4,391.58,417.28,5.52
1994M10,16.47,16.4,15.35,17.65,1.51,2.56,3.26,…,1.37,1.63,1698.05,26.47,2547.67,641.8,5473.6,6748.29,1058.5,389.77,419.4,5.45
1994M11,17.08,17.2,15.95,18.1,1.58,2.57,3.26,…,1.34,1.71,1892.59,26.47,2802.45,667.2,6161.1,7556.14,1151.7,384.39,412.37,5.19
1994M12,15.94,15.96,14.7,17.16,1.72,2.56,3.29,…,1.47,1.92,1878.31,26.47,2985.3,634.3,5946.8,8555.5,1114.3,379.29,410.85,4.78
1995M01,16.9,16.63,16.08,17.99,1.51,2.66,3.36,…,1.64,2.11,2060.55,28.38,3008.93,666.6,6199.3,9592.55,1156.5,378.55,413.9,4.77
1995M02,17.42,17.08,16.64,18.53,1.58,2.66,3.4,…,1.77,2.23,1916.15,28.38,2877.65,579.9,5478.3,8505.45,1032.2,376.64,413.97,4.72
1995M03,17.35,17.01,16.49,18.54,1.54,2.65,3.46,…,1.8,2.44,1805.07,28.38,2924.04,585.6,5532.4,7531.91,1022.2,382.12,416.89,4.65
1995M04,18.65,18.67,17.4,19.87,1.62,2.71,3.45,…,1.84,2.51,1849,28.38,2903.5,608.5,5872.1,7397.83,1061.4,391.03,448.29,5.48
1995M05,18.42,18.38,17.25,19.64,1.64,2.71,3.53,…,1.72,2.53,1762.69,28.38,2773.31,596.5,5926.5,7232.19,1036.2,385.22,437.35,5.56
1995M06,17.36,17.35,16.24,18.5,1.62,2.73,3.56,…,1.54,2.00,1780.05,28.38,2994.64,611.8,6670.7,7871.57,1009.6,387.56,438.53,5.36
1995M07,16.08,15.86,14.97,17.42,1.44,2.8,3.48,…,1.33,1.93,1860.1,28.38,3075.67,621.9,6668.9,8596.57,1026.8,386.23,433.63,5.16
1995M08,16.47,16.07,15.37,17.96,1.56,2.8,3.46,…,1.3,1.88,1888.32,28.38,3036.84,623.6,6992.3,8944.66,1014.4,383.67,425.34,5.4
1995M09,16.82,16.78,15.65,18.03,1.64,2.78,3.46,…,1.35,2.01,1760.83,28.38,2915.52,592.7,6328.1,8405.21,986.2,383.06,429.65,5.43
1995M10,16.12,16.12,14.92,17.33,1.77,2.75,3.45,…,1.41,2.01,1674.32,28.38,2813.55,639.1,6220.7,8061.73,979.1,383.14,412.66,5.37
1995M11,16.74,16.88,15.56,17.79,2.04,2.75,3.41,…,1.61,1.97,1654.07,28.38,2977.36,713.6,6386.9,8505.91,1030.7,385.31,413.12,5.32
1995M12,17.87,17.96,16.81,18.83,2.71,2.73,3.37,…,1.64,1.94,1656.74,28.38,2926.26,731.6,6289.5,8090.89,1018.1,387.44,408.71,5.18
1996M01,17.8,17.94,16.57,18.89,2.93,2.75,3.43,…,1.55,1.90,1589.34,30,2616.41,709.5,6271.6,7862.05,1019.1,399.45,415.48,5.46
1996M02,17.7,17.97,16.05,19.07,4.4,2.77,3.48,…,1.56,1.87,1591.55,30,2537.71,769.7,6195.5,8215.55,1035.8,404.76,420.21,5.66
1996M03,19.4,19.99,17.05,21.16,2.95,2.67,3.47,…,1.48,1.83,1612.48,30,2561.02,817.9,6196.4,8021.74,1063.9,396.21,411.19,5.52
1996M04,20.66,21.01,17.77,23.2,2.23,3.1,3.56,…,1.46,1.83,1587.23,30,2595.78,815,6480.9,8042.85,1045.4,392.85,404.39,5.42
1996M05,19.06,19.12,16.99,21.08,2.24,2.81,3.6,…,1.48,1.83,1589.26,30,2658.26,840.2,6412.4,8026.55,1035.8,391.93,401.42,5.37
1996M06,18.51,18.27,17,20.27,2.49,2.81,3.6,…,1.47,1.83,1482.48,30,2173.4,796.5,6191.9,7709.48,1008.5,385.27,392.25,5.16
1996M07,19.59,19.61,17.79,21.36,2.48,2.78,3.61,…,1.35,1.76,1458.7,30,1985.57,783.7,6250.2,7203.65,1000.1,383.47,393.66,5.07
1996M08,20.44,20.58,18.77,21.97,2.03,2.79,3.68,…,1.3,1.68,1463.36,30,2008.57,815.7,6110.2,7054.36,1006.9,387.35,400.03,5.14
1996M09,22.26,22.59,20.26,23.92,1.84,2.79,3.68,…,1.3,1.66,1407.38,30,1941.45,796.4,6101.9,7318.05,1000.3,383.14,389.86,5.04
1996M10,23.61,24.18,21.71,24.94,2.37,2.94,3.79,…,1.24,1.66,1336.34,30,1961.17,741.9,5941.9,7031.39,1003.1,381.07,384.18,4.93
1996M11,22.39,22.64,20.87,23.66,3.03,2.96,4.03,…,1.27,1.68,1449.52,30,2230.86,716.6,5991.7,6943.38,1046.5,377.85,381.98,4.83
1996M12,23.62,23.9,21.65,25.32,3.82,2.96,4.08,…,1.26,1.75,1500.29,30,2268.08,688.8,5836.3,6580.75,1036.3,369,370.7,4.83
1997M01,23.23,23.47,21.28,24.93,3.31,2.89,4.13,…,1.23,1.76,1575.61,30.15,2434.93,692.3,5877.7,7071.55,1086.5,355.11,360.1,4.77
1997M02,20.42,20.83,18.6,21.83,2.22,2.89,4.22,…,1.22,1.77,1580.01,30.15,2405.85,660.2,5883.2,7734.53,1179.4,346.58,365.01,5.07
1997M03,19.33,19.21,18.09,20.69,1.89,2.83,4.25,…,1.23,1.78,1631.57,30.15,2421.29,694.6,5909.2,7895.87,1254.8,351.81,378.9,5.2
1997M04,17.88,17.47,16.77,19.4,2.03,2.77,4.07,…,1.15,1.74,1561.44,30.15,2391.18,642.5,5713.3,7315.52,1240.4,344.47,371.08,4.77
1997M05,19.37,19.14,18.46,20.5,2.24,2.74,4.03,…,1.11,1.75,1625.25,30.15,2514.33,618.6,5711.2,7482.85,1310.5,343.84,387.5,4.75
1997M06,17.92,17.55,17.34,18.87,2.2,2.76,4.03,…,1.11,1.78,1567.55,30.15,2612.62,614.9,5566.1,7062.48,1354.2,340.76,430.76,4.76
1997M07,18.33,18.4,17.29,19.3,2.19,2.67,3.89,…,0.94,1.79,1591.99,30.15,2450.46,634.3,5442.7,6835.5,1518,324.1,415.52,4.37
1997M08,18.7,18.71,17.77,19.62,2.47,2.67,3.69,…,0.92,1.79,1710.58,30.15,2251.2,608.1,5428.4,6761.3,1653.5,324.01,424.55,4.5
1997M09,18.66,18.45,17.95,19.59,2.84,2.7,3.69,…,0.87,1.76,1610.6,30.15,2107.3,634.3,5496.3,6503.84,1640.9,322.82,424.73,4.73
1997M10,20.04,19.85,19.06,21.21,3.04,2.63,3.62,…,0.87,1.71,1607.86,30.15,2052.26,600.3,5561.3,6380.33,1280.1,324.87,423.12,5.03
1997M11,19.09,19,18.38,19.88,3.02,2.66,3.68,…,0.84,1.70,1598.99,30.15,1917.45,563.4,5658,6139.5,1173,306.04,392.29,5.08
1997M12,17.09,17,16.18,18.09,2.33,2.65,3.6,…,0.73,1.64,1530.51,30.15,1762.33,526.6,5513.8,5945.36,1102.2,288.74,365.42,5.84
1998M01,15,15.09,13.4,16.51,2.1,2.65,3.54,…,0.68,1.59,1485.79,31,1688.45,531.6,5206.3,5491.75,1097.2,289.1,373.86,5.89
1998M02,14.1,14.06,12.43,15.81,2.22,2.63,3.43,…,0.82,1.52,1465.56,31,1664.8,516.4,5242.5,5386.88,1044,297.49,386.08,6.81
1998M03,13.12,13.08,11.53,14.76,2.23,2.61,3.44,…,0.74,1.51,1437.7,31,1747.98,559.8,5476.8,5395.8,1047.6,295.94,398.99,6.24
1998M04,13.5,13.39,11.79,15.32,2.42,2.54,3.19,…,0.77,1.45,1418.16,31,1800.9,572.7,5714.8,5393.88,1097,308.29,413.75,6.34
1998M05,14.03,14.39,12.79,14.9,2.14,2.51,3,…,0.78,1.42,1364.72,31,1732.53,543.5,5874.7,5020,1061.1,299.1,388.9,5.58
1998M06,12.48,12.06,11.67,13.71,2.17,2.5,3,…,0.7,1.52,1307.24,31,1660.52,528.3,5970,4475.7,1009.8,292.32,355.43,5.26
1998M07,12.7,12.01,11.98,14.11,2.17,2.4,2.84,…,0.7,1.54,1309.21,31,1651.04,546.2,5653.7,4325.43,1040.3,292.87,378.43,5.46
1998M08,12.49,11.88,12.18,13.4,1.85,2.37,2.79,…,0.65,1.50,1310.9,31,1620.93,536.7,5691.5,4080.63,1029.8,284.11,369.18,5.18
1998M09,13.8,13.36,13.07,14.98,2.01,2.33,2.74,…,0.68,1.46,1342.27,31,1647.64,520.2,5485.7,4102.16,1000,288.98,361.15,5
1998M10,13.26,12.56,12.81,14.42,1.89,2.17,2.76,…,0.73,1.36,1304.06,31,1586.39,492.8,5432.1,3871.93,940.5,295.93,342.6,5.01
1998M11,11.88,10.92,11.76,12.96,2.1,2.15,2.78,…,0.72,1.24,1294.96,31,1573.95,494.2,5478.3,4131.91,967.1,294.12,347.18,4.97
1998M12,10.41,9.8,10.12,11.31,1.74,2.13,2.72,…,0.67,1.23,1249.06,31,1473.57,501.3,5257.6,3878.21,959.2,291.68,351.79,4.88
1999M01,11.44,11.06,10.78,12.49,1.86,2.02,2.77,0.6,0.71,1.23,1218.46,27.59,1431.18,492.3,5109.8,4268.75,932.8,287.08,355.11,5.14
1999M02,10.75,10.2,10.05,12.01,1.77,2.01,2.78,0.56,0.69,1.24,1186.85,27.59,1410.78,513.7,5268.5,4626.38,1017.3,287.33,364.07,5.53
1999M03,13.17,12.47,12.37,14.66,1.79,1.95,2.78,0.52,0.64,1.25,1181.59,27.59,1378.35,507.8,5360.2,5011.3,1030,285.96,369.93,5.19
1999M04,15.87,15.3,14.96,17.34,2.15,1.87,2.76,0.52,0.59,1.27,1278.2,27.59,1466,519.3,5393,5102.63,1019,282.62,357.15,5.06
1999M05,16.06,15.14,15.3,17.75,2.25,1.89,2.88,0.55,0.6,1.32,1323.46,27.59,1511.16,541.5,5649.2,5399.34,1040.3,276.44,356.01,5.26
1999M06,16.39,15.77,15.52,17.89,2.3,1.91,2.93,0.55,0.6,1.29,1315.31,27.59,1422.48,496.1,5265.9,5195,1000.5,261.31,356.78,5.03
1999M07,18.99,19.01,17.88,20.07,2.31,2,2.99,0.51,0.57,1.20,1403.76,27.59,1640,495.8,5230,5700.11,1072.1,256.08,349.06,5.18
1999M08,20.27,20.22,19.34,21.25,2.79,2.08,3.17,0.54,0.56,1.12,1431.32,27.59,1647.62,503.1,5230.2,6448.69,1130.6,256.69,350.06,5.26
1999M09,22.7,22.4,21.84,23.86,2.54,2.2,3.35,0.6,0.54,1.09,1492.48,27.59,1750.34,507.3,5342.5,7028.41,1193.8,264.74,370.93,5.21
1999M10,21.95,21.95,21.26,22.64,2.72,2.47,3.57,0.68,0.65,1.05,1474.41,27.59,1724.12,497.1,5430.7,7321.19,1148.7,310.72,421.14,5.41
1999M11,24.16,24.59,23.05,24.85,2.36,2.51,3.73,0.76,0.74,1.02,1472.76,27.59,1727.55,478.3,5842.1,7949.55,1147.2,293.18,434.02,5.15
1999M12,25.1,25.59,23.63,26.08,2.36,2.66,3.94,0.7,0.65,0.97,1554.48,27.59,1764.75,479.1,5721.3,8083.38,1183.8,283.07,439.13,5.16
2000M01,25.31,25.38,23.28,27.27,2.42,3.36,4.15,0.71,0.64,1.05,1680.28,28.79,1843.98,472.1,5927.8,8309.5,1178.8,284.32,441,5.19
2000M02,27.22,27.7,24.68,29.28,2.65,3.46,4.21,0.73,0.74,1.18,1670.27,28.79,1800.83,452.4,5642.1,9653.33,1094.9,299.86,519.71,5.25
2000M03,27.49,27.47,25.08,29.92,2.79,3.51,4.46,0.66,0.68,1.26,1577.05,28.79,1739.39,441.3,5457.8,10280.11,1116.4,286.39,479.33,5.06
2000M04,23.47,22.54,22.03,25.84,3.03,3.68,4.64,0.64,0.7,1.29,1457.14,28.79,1678.75,421.1,5384.4,9727.5,1127.6,279.69,497.55,5.06
2000M05,27.19,27.34,25.39,28.83,3.58,3.55,4.53,0.62,0.69,1.33,1466.79,28.79,1785.62,412.1,5451.2,10130.24,1156.9,275.19,525.89,4.98
2000M06,29.62,29.68,27.32,31.86,4.28,3.6,4.74,0.6,0.67,1.31,1506.31,28.79,1753.18,419.6,5456.8,8410.91,1117.9,285.73,559.73,5
2000M07,28.18,28.53,26.03,29.97,3.96,3.96,4.86,0.58,0.65,1.29,1563.5,28.79,1799.36,452.1,5343.8,8164.41,1136.2,281.59,560.29,4.97
2000M08,29.26,29.43,27.05,31.31,4.41,4.01,4.84,0.61,0.66,1.34,1527.63,28.79,1855.86,473.1,5304.8,8006.71,1169.8,274.47,577.61,4.89
2000M09,32.08,32.62,29.74,33.89,5.06,4.03,4.9,0.6,0.66,1.36,1601.21,28.79,1960.41,487.1,5474.3,8637.98,1224.4,273.68,591.9,4.89
2000M10,31.4,30.93,30.22,33.05,5.02,4.31,5.04,0.61,0.66,1.34,1500.24,28.79,1898.59,486.1,5282.3,7678.07,1095.9,270,579.72,4.83
2000M11,32.33,32.52,30.1,34.37,5.55,4.39,5.13,0.6,0.63,1.41,1473.86,28.79,1795.11,468,5269.5,7339.77,1059,266.01,593.34,4.68
2000M12,25.2,25.13,22.09,28.4,8.95,4.44,5.05,0.6,0.62,1.45,1565.41,28.79,1850.55,462.3,5233.7,7314.34,1059.8,271.45,609.5,4.64
2001M01,25.96,25.64,22.69,29.55,8.17,4.65,4.88,0.6,0.61,1.41,1615.65,30.03,1787.5,478.1,5170.5,6994.77,1033.1,265.49,620.47,4.66
2001M02,27.24,27.41,24.74,29.57,5.63,4.59,4.8,0.57,0.6,1.33,1604.36,30.03,1765.65,501.8,5121.8,6524.13,1020.9,261.87,600.92,4.56
2001M03,25.02,24.4,23.43,27.24,5.16,4.57,4.87,0.52,0.57,1.20,1509.17,30.03,1738.77,498.4,5046.4,6133.52,1004.7,263.03,584.23,4.4
2001M04,25.72,25.64,24.09,27.42,5.17,4.48,4.73,0.51,0.58,1.13,1496.91,30.03,1664.16,477.5,4949.2,6329.87,969.4,260.48,594.86,4.37
2001M05,27.55,28.45,25.58,28.61,4.21,4.36,4.66,0.51,0.61,1.10,1538.77,30.03,1682.21,466.7,4945,7060.83,938,272.36,610.7,4.43
2001M06,26.97,27.72,25.61,27.56,3.71,4.33,4.69,0.51,0.62,1.05,1466.13,30.03,1608.45,444.1,4828.3,6641.19,894.9,270.23,579.72,4.37
2001M07,24.8,24.54,23.43,26.44,3.1,3.75,4.66,0.5,0.6,1.00,1416.39,30.03,1525.21,461.6,4350.9,5937.05,852.4,267.53,530.84,4.25
2001M08,25.82,25.7,24.32,27.45,2.95,3.79,4.54,0.53,0.59,0.96,1377.08,30.03,1464.43,483,3895.7,5520.8,828.1,272.39,451.7,4.22
2001M09,25.21,25.54,23.96,26.12,2.15,3.79,4.54,0.49,0.58,0.91,1344.56,30.03,1426.33,464.8,3694.5,5027,798.6,283.42,457.9,4.35
2001M10,20.73,20.48,19.54,22.18,2.45,3.52,4.59,0.48,0.54,0.82,1282.5,30.03,1377.28,468.1,3750.7,4825.33,761.5,283.06,431.39,4.4
2001M11,18.69,18.94,17.53,19.59,2.36,3.46,4.38,0.47,0.51,0.84,1327.46,30.03,1427.73,486.5,4041.8,5078.41,772.9,276.16,429.89,4.12
2001M12,18.52,18.6,17.64,19.31,2.41,3.4,4.27,0.48,0.49,0.95,1344.63,30.03,1471.74,483.3,4018.5,5263.82,754.7,275.85,461.73,4.37
2002M01,19.15,19.49,18.29,19.69,2.25,3.06,4.21,0.54,0.57,0.96,1368.59,29.31,1503.96,513.1,3861.9,6043.18,793.2,281.51,472.11,4.51
2002M02,19.98,20.29,18.91,20.72,2.31,3.03,4.12,0.58,0.62,0.94,1369.34,29.31,1561.9,480,3730.8,6029.25,771.3,295.5,471.15,4.42
2002M03,23.64,23.69,22.85,24.38,3.03,2.97,3.99,0.68,0.67,0.93,1405,29.31,1604.88,480.2,3842.8,6537.5,819.3,294.06,512.05,4.54
2002M04,25.43,25.65,24.41,26.24,3.42,2.81,3.96,0.64,0.67,0.91,1369.99,29.31,1590.33,472.4,4023.6,6958.21,808.2,302.68,539.2,4.58
2002M05,25.67,25.39,24.59,27.04,3.49,2.83,4.01,0.68,0.7,0.88,1343.3,29.31,1595.68,451.9,4149.8,6761.36,769.5,314.49,533.85,4.7
2002M06,24.49,24.13,23.83,25.51,3.22,2.9,4.06,0.83,0.84,0.96,1353.97,29.31,1647.53,440,4286.1,7119.86,767.1,321.18,554.7,4.9
2002M07,25.75,25.77,24.57,26.92,2.98,2.95,4.56,0.81,0.83,1.03,1338.09,29.31,1589.46,446.1,4331.3,7142.72,794.9,313.29,526.2,4.92
2002M08,26.78,26.63,25.32,28.37,3.09,3.01,4.35,0.83,0.86,1.09,1291.6,29.31,1479.55,423.2,3834,6717.14,747.6,310.26,544.84,4.54
2002M09,28.28,28.34,26.83,29.67,3.57,3.08,4.46,0.9,0.89,1.08,1301.25,29.31,1478.71,421.3,3957.4,6640.24,756.2,319.14,556.33,4.55
2002M10,27.53,27.55,26.18,28.85,4.12,3.28,4.54,0.83,0.83,1.09,1310.58,29.31,1483.76,418.2,4241.5,6804.46,754.7,316.56,580.2,4.4
2002M11,24.54,24.18,23.16,26.28,4.04,3.34,4.56,0.84,0.84,1.15,1372.2,29.31,1582.29,442.2,4230,7313.93,765.3,319.07,588.1,4.51
2002M12,27.89,28.52,25.7,29.44,4.74,3.36,4.56,0.85,0.85,1.22,1375.07,29.31,1595.68,443.6,4236.8,7193.16,797.7,331.92,595.44,4.63
2003M01,30.75,31.25,28.05,32.95,5.41,3.61,4.69,0.9,0.91,1.25,1378.28,31.95,1647.66,444.66,4435.68,8026.02,781.41,356.86,627.91,4.81
2003M02,32.88,32.65,30.2,35.8,7.77,3.67,4.8,0.94,0.99,1.29,1422.16,31.95,1683.8,475.83,4570.75,8623,785.15,358.97,681.7,4.66
2003M03,30.36,30.34,27.42,33.32,5.95,3.74,4.78,0.95,1.06,1.35,1389.27,31.95,1658.98,456.67,4604.52,8378.81,790.95,340.55,674.33,4.53
2003M04,25.56,25.02,23.43,28.22,5.29,4.03,4.78,0.88,1,1.34,1332.01,31.95,1587.48,437.38,4565.75,7910.13,754.65,328.18,624.91,4.49
2003M05,26.06,25.81,24.25,28.13,5.84,4.04,4.74,0.84,1,1.28,1398.49,31.95,1648.28,463.5,4736.75,8330.63,775.65,355.68,650.36,4.74
2003M06,27.92,27.55,25.5,30.71,5.77,4.05,4.77,0.84,1.03,1.29,1409.85,31.95,1686.5,468.02,4694.76,8874.76,790.69,356.35,661.67,4.53
2003M07,28.59,28.4,26.63,30.75,5.01,4.04,4.75,0.88,1,1.33,1436.09,31.95,1710,514.78,4739.35,8797.39,827.54,351.02,681.52,4.8
2003M08,29.68,29.83,27.62,31.58,4.97,3.98,4.67,0.95,1.05,1.33,1456.31,31.95,1760.28,496.53,4822.5,9351.38,817.88,359.77,692.19,4.99
2003M09,26.88,27.1,25.27,28.28,4.61,3.97,4.7,1.09,1.11,1.41,1415.57,31.95,1789.52,521.27,4911.59,9965.34,818.18,378.95,705.25,5.17
2003M10,29.01,29.59,27.13,30.32,4.64,3.88,4.62,1.29,1.3,1.60,1474.25,31.95,1920.54,587.33,5236.74,11047.17,897.96,378.92,732.48,5
2003M11,29.12,28.77,27.5,31.09,4.53,3.9,4.72,1.26,1.28,1.70,1508.34,31.95,2055.43,622.33,5362.75,12086.5,914.53,389.91,760.38,5.18
2003M12,29.97,29.93,27.86,32.12,6.13,3.97,4.75,1.24,1.26,1.62,1554.91,31.95,2201.29,692.07,6057.62,14162.5,977.76,406.95,807.87,5.63
2004M01,31.37,31.18,28.68,34.24,6.09,3.87,4.75,1.21,1.24,1.67,1606.49,37.9,2423.57,758.38,6485,15326.55,1017,413.79,849.93,6.3
2004M02,31.33,30.87,28.4,34.73,5.38,3.89,4.81,1.25,1.28,1.63,1685.63,37.9,2759.53,888.48,6672.75,15145.13,1087.68,404.88,846.32,6.44
2004M03,33.67,33.8,30.46,36.73,5.4,3.86,4.88,1.27,1.33,1.59,1655.99,37.9,3008.72,886.48,7619.78,13715,1105.78,406.67,899.76,7.23
2004M04,33.71,33.36,31.07,36.71,5.72,3.92,4.91,1.27,1.37,1.53,1729.74,37.9,2948.73,753.68,8955.75,12848.13,1032.73,403.26,880.64,7.15
2004M05,37.56,37.92,34.47,40.29,6.34,3.95,4.91,1.24,1.35,1.54,1623.22,37.9,2733.5,808.9,9459.47,11118.29,1028.29,383.78,809.83,5.87
2004M06,35.54,35.19,33.41,38.03,6.27,4.01,5.04,1.2,1.37,1.42,1677.72,37.9,2686.71,870.32,9204.77,13533.52,1021.46,392.37,807.55,5.86
2004M07,37.89,38.37,34.48,40.82,5.93,4.28,5.07,1.15,1.28,1.26,1709.27,37.9,2808.43,939.59,9044.32,15023.3,988.32,398.09,809.52,6.31
2004M08,42.08,43.03,38.3,44.92,5.4,4.34,5.16,1.14,1.23,1.19,1692.19,37.9,2846.1,921.81,9021.91,13679.52,975.81,400.51,848.68,6.66
2004M09,41.6,43.38,35.48,45.93,5.14,4.41,5.43,1.15,1.24,1.24,1723.6,37.9,2894.86,935.46,9019.55,13270.91,975.18,405.28,847.89,6.4
2004M10,46.88,49.82,37.58,53.25,6.41,4.83,5.55,1.21,1.27,1.16,1819.57,37.9,3012.24,932.76,9045.24,14404.29,1064.95,420.46,841.43,7.1
2004M11,42.13,43.05,34.88,48.45,6.09,4.96,5.45,1.22,1.23,1.08,1813.9,37.9,3122.8,967.8,9070.46,14045.46,1095.64,439.38,854.41,7.49
2004M12,39.04,39.64,34.26,43.23,6.58,5.01,5.57,1.19,1.18,1.07,1849.18,37.9,3145.45,974.91,8553.81,13768.81,1180.21,442.08,848.24,7.09
2005M01,42.97,44.28,37.81,46.82,6.15,5.46,5.42,1.19,1.18,1.13,1834.43,65,3170,953.15,7735.75,14505,1246.38,424.03,859.07,6.62
2005M02,44.82,45.56,40.94,47.96,6.14,5.49,5.58,1.22,1.26,1.16,1882.85,65,3253.7,977.55,8088.75,15349.5,1326.18,423.35,864.32,7.03
2005M03,50.94,53.08,45.58,54.17,6.97,5.52,5.59,1.22,1.32,1.24,1979.85,65,3379.49,1004,8407.39,16190.65,1372.15,433.85,866.83,7.23
2005M04,50.64,51.86,47.1,52.96,7.15,5.86,5.67,1.21,1.31,1.26,1894.29,65,3394.48,985.76,8143.81,16141.91,1300.14,429.23,864.86,7.12
2005M05,47.83,48.67,45,49.81,6.47,5.89,5.74,1.21,1.36,1.23,1743.7,65,3249.1,988.08,8125,16931.5,1243.63,421.87,866.23,7.02
2005M06,53.89,54.31,50.98,56.39,7.19,5.91,5.68,1.27,1.46,1.19,1731.3,65,3524.07,986.07,7618.86,16159.55,1275.73,430.66,880.09,7.31
2005M07,56.37,57.58,52.85,58.67,7.63,6.42,6.03,1.45,1.69,1.21,1778.79,65,3614.21,854.48,7169.29,14580.71,1194.43,424.48,873.67,7.01
2005M08,61.89,64.09,56.63,64.96,9.63,6.56,6.2,1.44,1.6,1.19,1867.84,65,3797.75,887.02,7188.86,14892.73,1298.39,437.93,898.43,7.03
2005M09,61.69,62.98,56.54,65.54,12.88,6.58,6.39,1.59,1.7,1.21,1839.91,65,3857.84,933.07,6783.86,14228.18,1397.52,456.05,914.64,7.15
2005M10,58.19,58.52,53.67,62.36,13.52,7.28,6.48,1.63,1.7,1.28,1928.71,65,4059.76,1004.76,6422.86,12402.86,1488.38,469.9,931,7.67
2005M11,55.04,55.54,51.31,58.28,10.43,7.46,6.61,1.58,1.6,1.25,2050.59,65,4269.34,1018.41,6160,12115.68,1610.93,476.67,962.61,7.87
2005M12,56.43,56.75,53.13,59.41,12.83,7.49,6.49,1.63,1.68,1.25,2247.45,65,4576.78,1124.08,6713.5,13429.25,1821.83,510.1,976.59,8.63
2006M01,62.46,63.57,58.31,65.48,8.66,7.96,6.53,1.76,1.88,1.29,2377.86,67.2,4734.33,1256.33,7051.43,14555.24,2090.31,549.86,1026.05,9.14
2006M02,59.7,59.92,57.58,61.62,7.49,7.95,7.04,1.93,2.06,1.32,2455.33,65.2,4982.4,1277.05,7826.25,14978.75,2219.38,555,1041.5,9.53
2006M03,60.93,62.25,57.65,62.89,6.9,7.99,6.88,1.91,2.07,1.27,2429.13,66.7,5102.85,1192.09,7939.57,14897.39,2416.91,557.09,1041.09,10.38
2006M04,67.97,70.44,64.06,69.41,7.09,8.24,6.93,1.94,2.14,1.24,2621.11,67.3,6387.78,1170.42,8853.06,17942.22,3084.78,610.65,1098.75,12.61
2006M05,68.68,70.19,64.91,70.93,6.2,8.28,6.92,2.15,2.45,1.20,2861.48,67.3,8045.86,1166.86,8837.38,21077.14,3565.69,675.39,1260.83,13.38
2006M06,68.29,68.86,65.08,70.93,6.19,8.29,7.1,2.35,2.7,1.22,2477.34,69.3,7197.61,963.86,7896.36,20754.55,3225.68,596.15,1188.55,10.8
2006M07,72.45,73.9,69.05,74.4,6.25,8.58,6.86,2.31,2.48,1.22,2512.71,70.5,7712.1,1052.38,8418.57,26586.19,3339.86,633.71,1228.83,11.23
2006M08,71.81,73.61,68.78,73.04,7,8.71,7.23,2.14,2.18,1.32,2459.93,69.8,7695.66,1174.14,8502.05,30743.64,3347.3,632.59,1233.52,12.19
2006M09,62.12,62.77,59.77,63.82,4.86,8.77,7.65,1.81,1.81,1.30,2472.88,70,7602.36,1342.38,9039.29,30130.71,3403.02,598.19,1183.6,11.68
2006M10,57.91,58.38,56.5,58.85,5.96,8.97,7.2,1.79,1.82,1.26,2654.59,71.7,7500.39,1531.14,9768.18,32702.96,3822.96,585.78,1082.45,11.56
2006M11,58.14,58.48,56.82,59.13,7.45,8.99,7.21,1.62,1.62,1.27,2702.8,73.5,7029.18,1624.52,10079.09,32113.86,4382.23,627.83,1183,12.93
2006M12,60.99,62.31,58.67,62,6.58,8.92,7.35,1.65,1.73,1.31,2813.63,73.5,6675.11,1725.5,11158.68,34570.26,4405.4,629.79,1121.19,13.28
2007M01,53.52,54.3,52.01,54.24,6.58,8.59,7.11,1.94,2.08,1.30,2809.34,78.2,5669.66,1666.09,11361.82,36811.14,3786.68,631.17,1146.65,12.84
2007M02,57.56,57.76,55.68,59.25,7.97,8.56,6.89,2.12,2.28,1.28,2832.2,82.66,5676.45,1779.6,12933.25,41184.25,3309.5,664.75,1204.55,13.91
2007M03,60.6,62.14,59.05,60.6,7.12,8.37,6.86,2.05,2.23,1.29,2761.73,88.55,6452.48,1914.05,13892.96,46324.77,3271.3,654.9,1218.77,13.18
2007M04,65.06,67.4,63.84,63.94,7.59,8,7.09,2.17,2.32,1.26,2814.79,91.26,7766.47,2000.95,14052.9,50266.84,3557.47,679.37,1275.81,13.72
2007M05,65.16,67.48,64.54,63.45,7.61,7.98,7.22,2.22,2.37,1.22,2792.75,102.02,7681.42,2101.25,14140,52179.05,3831.26,667.31,1300.65,13.15
2007M06,68.19,71.32,65.76,67.49,7.3,8.03,7.11,2.11,2.23,1.34,2676.93,103.21,7474.38,2425.2,14099.76,41718.57,3602.85,655.66,1286.24,13.14
2007M07,73.6,77.2,69.46,74.14,6.22,8.13,7.26,2.04,2.08,1.50,2732.44,106.09,7972.57,3082.76,14737.84,33425.68,3545.58,665.38,1303.02,12.91
2007M08,70.13,70.8,67.21,72.38,6.2,8.34,7.7,2.07,2.11,1.47,2515.77,121.89,7513.5,3119.46,15174.32,27652.27,3252.52,665.41,1263.61,12.33
2007M09,76.76,77.13,73.25,79.91,6.1,8.54,8.09,2.11,2.16,1.50,2391.25,148.65,7648.98,3226.55,15023,29537.5,2881.4,712.65,1307.65,12.83
2007M10,81.97,82.86,77.14,85.9,6.8,9.16,8.55,2.26,2.33,1.52,2442.37,168.11,8008.44,3719.72,16071.3,31055.44,2975.33,754.6,1410.7,13.67
2007M11,91.34,92.53,86.73,94.76,7.14,9.47,9.14,2.37,2.48,1.54,2506.89,195.09,6966.71,3328.18,16691.82,30610.23,2541.32,806.25,1448.73,14.7
2007M12,89.52,91.45,85.75,91.36,7.15,9.49,9.18,2.41,2.48,1.53,2381.69,190.12,6587.67,2596.03,16263.06,25991.94,2353.08,803.2,1492.9,14.3
2008M01,90.69,91.92,87.17,92.98,8,10.7,9.94,2.53,2.62,1.61,2445.52,193.37,7061.02,2608.14,16337.27,27689.55,2340.11,889.6,1583.3,15.91
2008M02,93.39,94.82,89.96,95.38,8.55,10.84,10.46,2.72,2.79,1.65,2776.93,186.12,7887.69,3079.88,17210,27955.48,2438.14,922.3,1999.67,17.57
2008M03,101.84,103.28,96.78,105.47,9.4,11.04,10.96,2.7,2.79,1.77,3005.29,197.12,8439.29,3008.58,19803.95,31225.26,2511.47,968.43,2025.19,19.32
2008M04,108.76,110.19,103.47,112.62,10.13,12.19,11.42,2.7,2.84,1.66,2959.27,195.95,8684.93,2822.75,21658.64,28763.18,2263.8,909.71,1988.41,17.5
2008M05,122.63,123.94,118.95,125.01,11.23,12.38,11.63,2.96,3.05,1.63,2902.9,192.95,8382.75,2234.63,24062.25,25735,2182.1,888.66,2052.45,17.06
2008M06,131.52,133.05,127.59,133.93,12.68,12.63,12.07,3.17,3.22,1.70,2957.86,183.93,8260.6,1863.05,22229.29,22549.05,1894.48,889.49,2039.24,16.97
2008M07,132.83,133.87,131.22,133.38,11.15,14.37,12.35,3.2,3.2,1.70,3071.24,180.5,8414.04,1944.91,23139.35,20160.22,1852.37,939.77,1904.43,18.03
2008M08,114.57,113.85,113.21,116.64,8.25,14.64,13.25,2.91,2.93,1.72,2764.38,178.74,7634.7,1923.58,20026.25,18927.75,1723.28,839.03,1485.55,14.64
2008M09,99.66,99.06,95.97,103.94,7.69,14.85,14.39,2.81,2.83,1.62,2525.82,139.64,6990.86,1868.36,18368.86,17794.55,1735.48,829.93,1223.18,12.37
2008M10,72.69,72.84,68.62,76.61,6.73,15.93,15.01,1.86,1.92,1.37,2121.41,88.67,4925.7,1480.11,14401.74,12139.78,1302.11,806.62,912.57,10.44
2008M11,53.97,53.24,51.38,57.29,6.67,15.81,15.06,1.62,1.65,1.21,1852.43,64.95,3717,1291.1,13643.5,10701.5,1152.6,760.86,840.3,9.87
2008M12,41.34,41.58,41,41.44,5.79,15.5,13.78,1.18,1.2,1.22,1490.43,69.98,3071.98,962.88,11240,9686.43,1100.57,816.09,839.7,10.29
2009M01,43.86,44.86,44.97,41.74,5.24,13.89,12.71,1.41,1.49,1.27,1413.12,72.51,3220.69,1132.74,11372.86,11306.91,1187.41,858.69,947.41,11.27
2009M02,41.84,43.24,43.14,39.15,4.52,11.04,10.52,1.3,1.46,1.22,1330.2,75.59,3314.73,1100.53,11039.25,10408.75,1112.08,943,1033.25,13.41
2009M03,46.65,46.84,45.58,47.52,3.95,10.9,9.48,1.28,1.43,1.14,1335.84,64.07,3749.75,1238.91,10675.91,9696.36,1216.75,924.27,1081.77,13.12
2009M04,50.28,50.85,50.18,49.81,3.5,8.51,8.12,1.48,1.62,1.25,1420.85,59.78,4406.55,1383.1,11743.5,11166,1378.85,890.2,1165.45,12.48
2009M05,58.15,57.94,57.4,59.13,3.81,8.09,7.5,1.56,1.69,1.37,1460.45,62.69,4568.63,1440.16,13793.42,12634.74,1483.79,928.65,1128.67,13.98
2009M06,69.15,68.62,69.21,69.62,3.8,7.95,7.18,1.53,1.67,1.35,1573.73,71.66,5013.96,1674.46,14985.68,14960.46,1557.27,945.67,1217.86,14.65
2009M07,64.67,64.91,64.97,64.12,3.39,6.67,7.55,1.6,1.75,1.43,1667.96,83.95,5215.54,1678.61,14038.91,15984.57,1578.61,934.23,1162.26,13.36
2009M08,71.63,72.5,71.32,71.06,3.15,6.92,7.76,1.84,2.06,1.42,1933.75,97.67,6165.3,1900.1,14869.75,19641.75,1821.68,949.38,1244.57,14.36
2009M09,68.35,67.69,67.91,69.44,2.96,7.13,8.42,2.07,2.17,1.41,1834.11,80.71,6196.43,2204.55,14869.09,17473.18,1884.02,996.59,1288.7,16.39
2009M10,74.08,73.19,73.28,75.77,4.02,7.6,9.1,2.26,2.35,1.47,1878.57,86.79,6287.98,2240.77,15008.86,18525.23,2071.59,1043.16,1332.77,17.24
2009M11,77.55,77.04,77.63,78,3.69,7.81,9.13,2.49,2.54,1.58,1949.29,99.26,6675.6,2308.76,14942.38,16991.19,2193.38,1127.04,1400.62,17.82
2009M12,74.88,74.67,75.49,74.49,5.37,8.01,9.76,2.79,2.8,1.68,2180.1,105.07,6981.71,2328.52,15546.91,17066.43,2375.95,1134.72,1437.48,17.64
2010M01,77.12,76.37,76.64,78.36,5.81,8.8,10.02,3.04,3.09,1.71,2235.15,125.72,7386.25,2368.38,17714.75,18439.25,2434.45,1117.96,1557.9,17.75
2010M02,74.76,74.31,73.56,76.41,5.34,8.8,10.52,3.08,3.13,1.76,2048.93,127.49,6848.18,2123.68,16361.75,18976,2156.9,1095.41,1520.35,15.87
2010M03,79.3,79.27,77.37,81.25,4.29,8.93,10.42,3.18,3.34,1.89,2205.63,139.69,7462.83,2172.09,17549.35,22461.3,2275.07,1113.34,1599.43,17.11
2010M04,84.18,84.98,83.09,84.48,4.01,7.52,10.98,3.28,3.95,1.94,2316.73,172.47,7745.08,2264.85,18683.5,26030.75,2366.68,1148.69,1710.5,18.06
2010M05,75.62,76.25,76.87,73.73,4.16,7.27,11.39,2.89,3.67,1.99,2040.53,161.35,6837.68,1882.68,17566.05,22008.16,1968.37,1205.43,1624.86,18.43
2010M06,74.73,74.84,73.98,75.35,4.79,7.74,10.48,2.9,3.57,2.05,1931.39,143.63,6499.3,1703.96,17319.77,19388.64,1742.84,1232.92,1553.23,18.45
2010M07,74.58,74.74,72.65,76.35,4.63,8.04,11.32,2.93,3.27,1.86,1988.27,126.36,6735.25,1836.98,18191.36,19517.5,1843.89,1192.97,1525.59,17.96
2010M08,75.83,76.69,74.18,76.6,4.31,8.45,11.3,3.14,3.32,1.99,2118.14,145.34,7283.95,2075.24,20754.76,21413.33,2044.57,1215.81,1540.59,18.39
2010M09,76.12,77.79,75.27,75.29,3.9,8.28,11.03,3.36,3.53,2.31,2162.34,140.63,7709.3,2184.23,22701.14,22643.41,2151.41,1270.98,1591.75,20.55
2010M10,81.72,82.92,80.34,81.9,3.43,8.29,11.13,3.85,3.92,2.79,2346.57,148.48,8292.41,2379.67,26342.62,23807.38,2372.14,1342.02,1688.69,23.39
2010M11,84.53,85.67,83.7,84.24,3.73,8.59,10.84,4.24,4.31,3.41,2333.07,156.1,8469.89,2376.73,25519.09,22909.32,2291.68,1369.89,1692.77,26.54
2010M12,90.01,91.8,89.07,89.15,4.24,8.74,10.75,4.69,4.75,3.70,2350.67,163.1,9147.26,2412.93,26163.33,24111.19,2280.93,1390.55,1711.39,29.32
2011M01,92.69,96.29,92.37,89.41,4.49,9.61,11.45,5.33,5.52,3.94,2439.53,179.18,9555.7,2601.65,27465.25,25646.25,2371.55,1360.46,1785.43,28.51
2011M02,97.91,103.96,100.25,89.53,4.07,9.36,12.02,5.58,6.26,4.70,2508.18,187.18,9867.6,2586.68,31526,28252.25,2465.13,1374.68,1825.9,30.78
2011M03,108.65,114.44,108.58,102.92,3.97,9.37,12.5,4.84,5.42,5.06,2555.5,169.36,9503.36,2624.02,30590.93,26710.35,2341.48,1423.26,1770.17,35.81
2011M04,116.24,123.07,115.7,109.96,4.24,10.36,12.99,4.97,5.85,4.78,2678.11,179.33,9492.79,2701.17,32363.31,26408.33,2362.22,1480.89,1797.9,42.7
2011M05,108.07,114.46,108.46,101.28,4.31,10.3,13.61,4.52,5.12,3.65,2596.45,177.05,8959.9,2428.32,28676.45,24236.73,2167.35,1512.58,1786.55,37.34
2011M06,105.85,113.76,107.52,96.25,4.55,10.26,14.52,4.52,4.93,3.18,2557.76,170.88,9066.85,2524.99,25519.68,22420.93,2234.47,1529.36,1768.5,35.8
2011M07,107.92,116.46,109.98,97.31,4.41,10.99,16.22,4.56,4.73,2.69,2525.43,172.98,9650.46,2681.02,27398.1,23847.95,2397.75,1572.75,1759.76,37.92
2011M08,100.49,110.08,105.06,86.32,4.05,10.81,16.55,4.62,4.68,2.52,2379.35,177.5,9000.76,2397.28,24042.43,21845.09,2200.17,1759.01,1804.7,40.33
2011M09,100.82,110.88,106,85.58,3.9,10.85,16.27,4.52,4.55,2.58,2293.46,177.23,8300.14,2287.67,22526.6,20377.59,2075.22,1772.14,1748.11,38.15
2011M10,99.85,109.47,103.67,86.41,3.57,11.42,16.48,4.08,4.06,2.44,2180.65,150.43,7394.19,1960.38,21868.64,19039.05,1871.42,1666.43,1535.19,31.97
2011M11,105.41,110.5,108.59,97.12,3.24,11.32,16.78,3.33,3.37,2.31,2079.98,135.54,7581.02,1994.22,21291.7,17873,1935.32,1739,1596.98,33.08
2011M12,104.23,107.91,106.22,98.56,3.16,11.53,16.48,3.35,3.38,2.10,2022.25,136.39,7565.48,2022.35,19375.01,18266.76,1904.73,1639.97,1454.59,30.3
2012M01,107.07,111.16,109.78,100.29,2.68,11.45,16.71,3.5,3.63,2.23,2144.2,140.26,8040.47,2096.16,21438.63,19854.77,1981.86,1654.05,1499.32,30.65
2012M02,112.69,119.7,116.15,102.21,2.52,11.12,16.03,3.78,4,2.22,2207.92,140.4,8441.49,2121.26,24293.31,20393.67,2057.79,1744.82,1657.76,34.14
2012M03,117.79,124.93,122.28,106.15,2.17,11.97,16.34,3.78,3.93,2.19,2184.16,144.66,8470.78,2056.69,22985.43,18660.81,2035.92,1675.95,1655.41,32.95
2012M04,113.67,120.46,117.25,103.28,1.95,11.42,16.85,3.66,3.84,2.20,2049.67,147.64,8289.48,2071.07,22200.62,17939.79,2002.14,1649.2,1585.81,31.53
2012M05,104.09,110.52,107.05,94.68,2.44,11.64,17.12,3.38,3.73,1.95,2007.63,136.61,7955.64,2012.82,20405.24,17068.19,1936,1589.04,1470.7,28.72
2012M06,90.73,95.59,94.24,82.36,2.46,11.49,17.2,2.86,3.2,1.81,1890.18,134.66,7423.02,1854.15,19271.07,16549.14,1858.7,1598.76,1443.86,27.98
2012M07,96.75,103.14,99.22,87.9,2.95,11.13,18.11,2.89,3.08,1.85,1876.25,127.94,7584.26,1881.48,18546.09,16128.41,1847.75,1594.29,1425.82,27.43
2012M08,105.27,113.34,108.37,94.11,2.84,11.18,17.74,2.6,2.79,1.86,1845.38,107.5,7515.53,1900.62,18772.62,15735.21,1818.16,1630.31,1453.26,28.8
2012M09,106.28,113.38,110.96,94.51,2.84,11.08,16.83,2.76,3.04,1.86,2064.12,99.47,8087.74,2177.67,20771.26,17287.96,2009.85,1744.81,1623.65,33.61
2012M10,103.41,111.97,108.73,89.52,3.32,11.58,15.3,2.95,3.2,1.81,1974.3,113.95,8062.03,2141.97,21233.7,17168.74,1903.96,1746.58,1635.83,33.19
2012M11,101.17,109.71,107.13,86.68,3.54,11.83,15,2.8,2.97,1.78,1948.83,120.35,7711.23,2181.97,20713.07,16335.36,1912.4,1721.64,1576.36,32.77
2012M12,101.19,109.68,105.69,88.22,3.34,11.79,15.41,2.9,3.11,1.84,2086.76,128.51,7966.49,2279.8,22880.89,17448.5,2040.43,1684.76,1582.25,31.87
2013M01,105.1,112.97,107.58,94.74,3.33,11.87,15.89,3.04,3.3,1.89,2037.75,150.49,8047.36,2333.68,24545.9,17472.5,2032.2,1671.85,1638.89,31.06
2013M02,107.64,116.52,111.09,95.3,3.33,11.77,16.47,3.04,3.19,1.98,2053.6,154.64,8060.93,2365.79,24211.74,17690.1,2128.69,1627.57,1674.55,30.33
2013M03,102.52,109.24,105.42,92.91,3.81,11.87,16.27,2.8,2.98,2.08,1909.57,139.87,7645.58,2169.42,23296.52,16724.93,1926.07,1593.09,1582.95,28.79
2013M04,98.85,102.88,101.66,92.02,4.17,12.88,16.2,2.5,2.87,2.03,1861.67,137.39,7234.28,2027.39,21662.25,15672.95,1856,1487.86,1493.07,25.36
2013M05,99.37,103.03,100.31,94.76,4.04,12.29,16.22,2.51,3.04,2.04,1832.02,124.01,7249.41,2032.98,20775.83,14947.96,1831.55,1414.03,1475.17,23.04
2013M06,99.74,103.11,100.33,95.79,3.83,11.92,16.61,2.33,2.81,2.05,1814.54,114.82,7000.24,2099.69,20267.4,14280.28,1839.01,1343.35,1430.23,21.11
2013M07,105.26,107.72,103.36,104.7,3.62,11.6,16.17,2.24,2.56,2.04,1769.61,127.19,6906.64,2047.73,19563.83,13750.32,1837.62,1285.52,1401.48,19.71
2013M08,108.16,110.96,106.96,106.55,3.43,11.64,15.6,2.38,2.57,2.04,1817.62,137.06,7192.92,2174.18,21644.43,14314.93,1898.82,1351.74,1496.09,21.89
2013M09,108.76,111.62,108.4,106.25,3.62,11.25,14.96,2.42,2.64,1.99,1761.3,134.19,7159.27,2084.92,22735.07,13801.39,1846.88,1348.6,1456.86,22.56
2013M10,105.43,109.48,106.3,100.5,3.67,11.37,15.3,2.32,2.53,1.97,1814.58,132.57,7203.02,2115.43,23101.59,14117.65,1884.84,1316.58,1413.48,21.92
2013M11,102.63,108.08,105.85,93.95,3.62,11.42,15.4,2.3,2.49,1.87,1747.96,136.32,7070.65,2089.56,22826.88,13684.01,1866.42,1275.86,1420.1,20.76
2013M12,105.48,110.67,107.92,97.85,4.24,11.55,16.38,2.31,2.56,1.93,1739.81,135.79,7214.9,2136.73,22762.13,13924.55,1974.98,1221.51,1355.67,19.67
2014M01,102.1,107.42,104.01,94.86,4.7,11.59,16.67,2.14,2.34,2.01,1727.41,128.12,7291.47,2143.17,22063.86,14101.25,2036.93,1244.27,1420.95,19.88
2014M02,104.83,108.81,104.94,100.73,5.97,11.3,16.76,1.9,2.17,2.07,1695.17,121.37,7149.21,2108.03,22820.67,14203.55,2034.53,1299.58,1409.53,20.85
2014M03,104.04,107.4,104.15,100.57,4.88,10.88,16.55,1.93,2.29,2.14,1705.37,111.83,6650.04,2053.08,23024.31,15678.1,2007.9,1336.08,1451.62,20.72
2014M04,104.87,107.79,104.73,102.08,4.63,10.73,16.79,1.78,2.15,2.08,1810.67,114.58,6673.56,2087.09,23405.2,17373.6,2027.21,1298.45,1430.33,19.74
2014M05,105.71,109.68,105.6,101.86,4.56,10.2,16.32,1.69,2.02,2.04,1751.05,100.56,6891.13,2097.32,23271.25,19401.08,2058.97,1288.74,1456.27,19.34
2014M06,108.37,111.87,108.01,105.24,4.57,9.77,16.13,1.71,2.04,2.00,1838.95,92.74,6821.14,2106.94,22762,18628.81,2128.1,1279.1,1452.76,19.89
2014M07,105.23,106.98,105.76,102.94,4.01,9.27,15.21,1.7,2,1.85,1948.3,96.05,7113.38,2193.24,22424.01,19117.65,2310.62,1310.59,1492.18,20.92
2014M08,100.05,101.92,101.85,96.38,3.88,9.14,15.74,1.67,1.86,1.63,2030.49,92.61,7001.84,2236.84,22231.05,18600.2,2326.99,1295.13,1446.33,19.74
2014M09,95.85,97.34,96.99,93.22,3.92,9.24,15.16,1.53,1.67,1.62,1990.43,82.38,6872.22,2117.24,21090.52,18034.8,2294.59,1236.55,1359.48,18.37
2014M10,86.08,87.27,86.57,84.4,3.77,9.77,15.89,1.51,1.63,1.55,1946.19,81.06,6737.48,2034.26,19830.41,15812.37,2276.83,1222.49,1259.76,17.16
2014M11,76.99,78.44,76.73,75.81,4.1,8.9,15.59,1.54,1.64,1.49,2055.55,73.73,6712.85,2030.18,20033.47,15807.05,2253.22,1175.33,1208.32,15.97
2014M12,60.7,62.33,60.52,59.26,3.43,9.83,15.62,1.47,1.61,1.51,1909.46,68.39,6446.45,1938.11,19829.71,15962.05,2175.76,1200.62,1215.32,16.3
2015M01,47.11,48.07,45.98,47.27,2.97,9.25,16.19,1.42,1.66,1.48,1814.72,68.23,5830.54,1843.13,19454.12,14849.19,2113.05,1250.75,1242.45,17.24
2015M02,54.79,57.93,55.83,50.61,2.85,8.27,14.2,1.43,1.82,1.54,1817.82,62.75,5729.27,1795.66,18233.91,14573.84,2097.76,1227.08,1197.16,16.79
2015M03,52.83,55.79,54.91,47.78,2.8,8.27,13.04,1.43,1.74,1.53,1773.86,58.05,5939.67,1792.47,17421.91,13755.5,2028.73,1178.63,1138.64,16.24
2015M04,57.54,59.39,58.8,54.44,2.58,6.77,10.94,1.41,1.7,1.58,1819.19,52.28,6042.09,2005.36,15900.88,12830.92,2212.72,1198.93,1151.29,16.34
2015M05,62.51,64.56,63.69,59.27,2.84,6.68,9.34,1.55,1.84,1.61,1804.04,60.3,6294.78,1991.78,15803.59,13511.34,2281.8,1198.63,1140.4,16.83
2015M06,61.31,62.34,61.78,59.8,2.77,6.67,9.19,1.58,1.82,1.60,1687.73,62.63,5833.01,1829.5,15064.94,12825.23,2082.09,1181.5,1088.82,16.08
2015M07,54.34,55.87,56.25,50.9,2.83,6.69,9.5,1.45,1.64,1.60,1639.5,52.39,5456.75,1763.04,15071.53,11413.1,2000.68,1128.31,1009.27,15.05
2015M08,45.69,46.99,47.22,42.86,2.76,6.35,9.82,1.31,1.45,1.58,1548.13,56.19,5127.3,1703.6,15163.77,10386,1807.64,1117.93,984.1,14.94
2015M09,46.28,47.24,46.15,45.45,2.65,6.28,10.31,1.24,1.35,1.52,1589.6,56.95,5217.25,1684.25,15453.34,9937.55,1720.23,1124.77,964.38,14.75
2015M10,46.96,48.12,46.55,46.2,2.32,6.03,10.11,1.24,1.33,1.52,1516.49,53.12,5216.09,1720.11,15794.61,10316.83,1724.34,1159.25,976.91,15.81
2015M11,43.11,44.42,42.22,42.7,2.08,5.5,9.52,1.16,1.24,1.53,1467.89,46.86,4799.9,1618.35,14745.29,9244.33,1583.31,1086.44,885.2,14.45
2015M12,36.57,37.72,34.77,37.23,1.92,5.09,9.08,1.16,1.27,1.55,1497.2,40.5,4638.83,1706.58,14691.69,8707.79,1527.79,1075.74,859.82,14.13
2016M01,29.78,30.8,27,31.54,2.27,4.4,8.4,1.08,1.23,1.52,1481.1,41.88,4471.79,1646.2,13808.08,8507.29,1520.36,1097.91,855.25,14.11
2016M02,31.03,33.2,29.5,30.39,1.96,3.97,8.56,1.1,1.27,1.47,1531.26,46.83,4598.62,1765.75,15610.14,8298.5,1709.85,1199.5,919.35,15.17
2016M03,37.34,39.07,35.18,37.77,1.7,3.91,7.74,1.28,1.46,1.44,1531.01,56.2,4953.8,1802.19,16897.6,8717.25,1801.69,1245.14,967.73,15.47
2016M04,40.75,42.25,39.04,40.96,1.9,3.97,6.82,1.49,1.71,1.53,1571.23,60.92,4872.74,1732.27,17032.71,8878.86,1855.37,1242.26,994.19,16.36
2016M05,45.94,47.13,43.95,46.73,1.92,4.33,6.27,1.36,1.63,1.55,1550.63,55.13,4694.54,1707.8,16706.95,8660.35,1869.03,1260.95,1035.86,16.95
2016M06,47.69,48.48,45.83,48.75,2.57,4.76,6.4,1.26,1.49,1.63,1593.51,51.98,4641.97,1712.77,16966.69,8928.35,2026.19,1276.4,984.14,17.29
2016M07,44.13,45.07,42.62,44.69,2.79,4.67,6.76,1.28,1.59,1.79,1629.05,57.26,4864.9,1834.79,17826.23,10262.86,2183.25,1336.66,1087.5,19.99
2016M08,44.88,46.14,43.74,44.75,2.79,4.05,7.14,1.3,1.55,1.77,1639.28,60.89,4751.67,1835.52,18427.02,10335.99,2279.14,1340.17,1121.65,19.59
2016M09,45.04,46.19,43.74,45.2,2.97,4.25,7.54,1.36,1.57,1.72,1592.36,57.79,4722.2,1947.64,19499.52,10191.78,2292.31,1326.61,1046.71,19.36
2016M10,49.29,49.73,48.26,49.89,2.95,5.34,7.65,1.48,1.66,1.73,1665.9,59.09,4731.26,2024.49,20099.76,10259.74,2311.5,1266.55,959.14,17.66
2016M11,45.26,46.44,43.77,45.57,2.5,5.69,7.59,1.66,1.87,1.74,1737.11,73.1,5450.93,2180.58,21126.09,11128.91,2566.2,1238.35,955.14,17.41
2016M12,52.62,54.07,51.78,52.01,3.58,5.42,7.59,1.93,2.23,1.75,1727.74,80.02,5660.35,2209.84,21204.35,10972.27,2664.81,1157.36,918.38,16.43
2017M01,53.59,54.89,53.37,52.51,3.26,6.14,8.04,2.16,2.56,1.82,1791.24,80.41,5754.56,2242.62,20691.79,9971.46,2714.8,1192.1,971.15,16.9
2017M02,54.35,55.49,54.17,53.4,2.82,6.05,8.41,2.23,2.71,1.88,1860.75,89.44,5940.91,2311.5,19446.47,10643.3,2845.55,1234.2,1007.63,17.93
2017M03,50.9,51.97,51.16,49.58,2.89,5,8.25,1.97,2.35,1.91,1901.47,87.65,5824.63,2280.92,19875.2,10204.66,2776.88,1231.42,962.87,17.63
2017M04,52.16,52.98,52.45,51.06,3.08,5.01,8.76,1.65,2.21,1.92,1921.22,70.22,5683.9,2220.61,19910.32,9609.28,2614.92,1266.88,960.84,18.03
2017M05,49.89,50.87,50.31,48.5,3.12,5.06,9.1,1.53,2.1,1.95,1913.02,62.43,5599.56,2125.11,20200.33,9155.12,2590.21,1246.04,930.27,16.75
2017M06,46.17,46.89,46.44,45.17,2.94,4.89,8.88,1.44,1.72,1.87,1885.29,57.48,5719.76,2132.93,19658.84,8931.76,2573.4,1260.26,930.73,16.93
2017M07,47.66,48.69,47.63,46.65,2.96,5,8.86,1.52,1.75,1.85,1902.96,67.74,5985.12,2269.86,20223.48,9491.39,2787.19,1236.84,918.9,16.15
2017M08,49.94,51.37,50.43,48.03,2.88,5.48,8.92,1.55,1.84,1.75,2030.01,76.07,6485.63,2348.47,20521,10889.98,2980.73,1283.04,972.7,16.95
2017M09,52.95,55.16,53.86,49.83,2.96,5.96,8.64,1.61,1.86,1.78,2096.49,71.53,6577.17,2374.39,20796.62,11215.79,3116.86,1314.07,964.1,17.43
2017M10,54.92,57.62,55.58,51.56,2.86,6.18,8.31,1.46,1.64,1.73,2131.49,61.66,6807.6,2498.22,20376.09,11335.77,3264.6,1279.51,921,16.94
2017M11,59.93,62.57,60.58,56.65,2.99,6.69,8.45,1.43,1.57,1.77,2097.44,64.24,6826.55,2461.43,19557.52,11972,3229.31,1281.9,934.05,16.98
2017M12,61.19,64.21,61.41,57.94,2.76,7.14,8.65,1.46,1.65,1.88,2080.47,72.25,6833.89,2509.92,19476.37,11495.11,3195.95,1264.45,907.2,16.17
2018M01,66.23,68.99,66.02,63.67,3.86,6.66,9.34,1.5,1.72,2.01,2209.73,76.34,7065.85,2584.09,20696.91,12864.88,3441.52,1331.3,990.12,17.13
2018M02,63.46,65.42,62.79,62.17,2.67,6.72,9.83,1.46,1.72,1.95,2181.79,77.46,7006.52,2581.06,21651.55,13595.88,3532.9,1330.73,987.26,16.58
2018M03,64.17,66.45,63.29,62.76,2.7,6.7,10.11,1.44,1.76,2.03,2069.24,70.35,6799.18,2390,21211.94,13392.5,3269.18,1324.66,954.57,16.47
2018M04,68.79,71.63,68.43,66.32,2.78,6.93,10.09,1.39,1.73,2.03,2254.69,65.75,6851.51,2352.41,21291.1,13938.1,3188.05,1334.76,924.05,16.65
2018M05,73.43,76.65,73.66,69.98,2.8,7.49,10.25,1.44,1.7,2.08,2299.67,66.1,6825.27,2360.93,20858.83,14366.49,3059.87,1303.45,904.73,16.49
2018M06,71.98,75.19,73.22,67.52,2.95,7.45,10.44,1.38,1.56,2.15,2237.62,65.04,6965.86,2436.29,20660.52,15105.65,3088.57,1281.57,884.9,16.54
2018M07,72.67,74.44,72.72,70.84,2.83,7.6,10.44,1.31,1.47,2.12,2082.24,64.56,6250.75,2207.02,19729.8,13793.86,2656.13,1237.71,832,15.72
2018M08,71.08,73.13,72.13,67.99,2.96,8.08,10.88,1.34,1.47,2.08,2051.51,67.15,6051.05,2053.53,19228.77,13411.35,2512,1201.71,804.91,14.99
2018M09,75.36,78.86,77.02,70.21,2.98,9.52,11.3,1.33,1.44,1.99,2026.46,68.44,6050.76,2022.91,18967.13,12510.35,2434.68,1198.39,804.79,14.27
2018M10,76.73,80.47,78.96,70.75,3.28,8.79,11.66,1.32,1.43,1.91,2029.86,73.41,6219.59,1987.55,19121.48,12314.91,2673.67,1215.39,829.87,14.6
2018M11,62.32,65.17,65.11,56.67,4.13,8.27,11.7,1.23,1.35,1.91,1938.51,73.26,6195.92,1937.11,19064.86,11239.72,2595.69,1220.65,846.19,14.35
2018M12,53.96,56.46,56.47,48.95,3.98,7.98,12,1.26,1.44,1.90,1920.38,69.16,6075.32,1972.32,19259.58,10835.08,2616.29,1250.4,791.16,14.77
2019M01,56.58,59.27,58.96,51.52,3.08,7.26,12.01,1.36,1.59,1.82,1853.72,76.16,5939.1,1997.14,20457.75,11523.09,2569.7,1291.75,806.77,15.62
2019M02,61.13,64.13,64.32,54.95,2.72,6.01,11.81,1.4,1.65,1.79,1862.99,88.22,6300.49,2062.79,21263.95,12685.23,2707.19,1320.07,818.15,15.82
2019M03,63.79,66.41,66.8,58.15,2.94,5.18,11.29,1.47,1.72,1.85,1871.21,86.47,6439.46,2046.46,21393.4,13026.27,2850.6,1300.9,842.81,15.3
2019M04,68.58,71.2,70.66,63.87,2.65,4.92,10.27,1.5,1.72,1.92,1845.42,93.7,6438.36,1938.99,20604.3,12772.79,2932.65,1285.91,887.29,15.06
2019M05,66.83,70.53,69.13,60.84,2.63,4.34,10.15,1.5,1.77,1.77,1781.26,100.15,6017.9,1815.19,19523.9,12016.31,2742.81,1283.7,833.55,14.66
2019M06,59.76,63.3,61.3,54.68,2.4,3.59,10.04,1.5,1.93,1.71,1755.95,108.94,5882.23,1899.7,19193.2,11943.94,2601.22,1359.04,808.2,15.04
2019M07,61.48,64,62.91,57.52,2.36,3.62,10.13,1.41,1.67,1.67,1796.99,120.24,5941.2,1975.64,17977.85,13546.3,2446.51,1412.89,843.95,15.79
2019M08,57.67,59.25,58.92,54.84,2.22,3.68,10.86,1.31,1.5,1.56,1740.68,93.07,5709.44,2044.55,16608.99,15748.64,2273.01,1500.41,859.14,17.22
2019M09,60.04,62.33,60.84,56.95,2.58,4.21,10.14,1.34,1.5,1.57,1753.51,93.08,5759.25,2071.85,16830.62,17656.88,2331.56,1510.58,944.7,18.16
2019M10,57.27,59.37,58.47,53.98,2.33,5.06,9.98,1.3,1.43,1.63,1725.96,88.53,5757.3,2184.09,16603.39,17046.22,2451.65,1494.81,897.26,17.65
2019M11,60.4,62.74,61.41,57.06,2.65,5.15,10.04,1.39,1.54,1.65,1774.79,84.98,5859.95,2021.15,16335.48,15171.81,2425.48,1470.79,901.8,17.17
2019M12,63.35,65.85,64.41,59.8,2.24,4.62,10.06,1.46,1.66,1.67,1771.38,92.65,6077.06,1900.54,17141.05,13829.42,2272.54,1479.13,924.25,17.14
2020M01,61.63,63.6,63.76,57.52,2.03,3.63,9.89,1.47,1.68,1.74,1773.09,95.76,6031.21,1923.93,17029.18,13506.86,2354.31,1560.67,987.36,17.97
2020M02,53.35,55,54.51,50.53,1.92,2.91,9.89,1.34,1.61,1.69,1688.1,87.68,5687.75,1872.54,16480.3,12715.55,2113.24,1597.1,961.1,17.88
2020M03,32.2,32.98,33.75,29.88,1.79,2.72,10.21,1.21,1.5,1.49,1610.89,88.99,5182.63,1734.44,15290.91,11846.23,1903.63,1591.93,759,14.88
2020M04,21.04,23.34,23.27,16.52,1.74,2.12,10.01,1.11,1.33,1.40,1459.93,84.73,5057.97,1657.55,14952.8,11804.01,1903.37,1683.17,753.86,15.07
2020M05,30.38,31.02,31.56,28.56,1.75,1.58,10.08,1.12,1.35,1.45,1466.37,93.65,5239.83,1626.34,15401.92,12179.61,1975.32,1715.91,790.22,16.26
2020M06,39.46,39.93,40.14,38.3,1.61,1.75,8.97,1.17,1.4,1.49,1568.57,103.3,5754.6,1744.84,16837.84,12727.15,2025.71,1732.22,820.77,17.71
2020M07,42.07,42.81,42.64,40.75,1.74,1.8,7.79,1.2,1.48,1.51,1643.81,108.52,6372.46,1817.93,17469.92,13402.3,2177.2,1846.51,864.64,20.65
2020M08,43.44,44.26,43.71,42.36,2.3,2.86,6.34,1.32,1.7,1.54,1737.26,121.07,6498.94,1935.73,17650.03,14537.75,2410.05,1968.63,940.33,27
2020M09,40.6,41.09,41.1,39.6,1.92,3.95,5.88,1.37,1.86,1.56,1743.77,123.75,6704.9,1872.91,17951.26,14857.49,2442.46,1921.92,907.62,25.74
2020M10,39.9,40.47,39.7,39.53,2.25,4.89,6.18,1.53,2.19,1.65,1806.1,119.78,6713.81,1776.27,18176.59,15239.36,2440.65,1900.27,876.27,24.23
2020M11,42.3,43.23,42.58,41.1,2.59,4.84,6.86,1.56,2.3,1.71,1935.28,124.36,7068.91,1915.62,18522.48,15807.73,2671.6,1866.3,911.55,24.08
2020M12,48.73,49.87,49.26,47.05,2.54,5.86,7.66,1.57,2.33,1.79,2014.67,155.43,7772.24,2020.47,19731.96,16823.04,2779.85,1858.42,1028,24.97
2021M01,53.6,54.55,54.16,52.1,2.67,7.27,9,1.59,2.3,1.92,2003.98,169.63,7972.15,2014.73,21920.24,17863.18,2705.34,1866.98,1090.95,25.88
2021M02,60.46,61.96,60.37,59.06,5.07,6.16,9.88,1.68,2.35,2.05,2078.59,163.8,8470.94,2080.11,26315.75,18584.38,2744.5,1808.17,1206.7,27.29
2021M03,63.83,65.19,63.95,62.35,2.56,6.13,7.9,1.74,2.37,2.02,2190.48,168.18,8988.25,1948,27061,16406.66,2791.94,1718.23,1181,25.65
2021M04,62.95,64.77,62.37,61.71,2.61,7.15,8.28,1.64,2.15,2.00,2319.39,179.83,9324.82,2011.92,28328.42,16521.25,2829.01,1760.04,1208.81,25.69
2021M05,66.4,68.04,65.98,65.18,2.89,8.91,8.92,1.69,2.29,2.00,2433.53,207.72,10161.97,2181.81,32246.21,17577.06,2965.73,1850.26,1214,27.5
2021M06,71.8,73.07,70.96,71.38,3.23,10.3,9.62,1.64,2.12,2.08,2446.65,214.43,9631.5,2191.03,32502.55,17979.57,2951.85,1834.57,1124,27
2021M07,73.28,74.39,73,72.46,3.8,12.51,10.36,1.63,1.87,2.15,2497.64,214.14,9450.82,2337.51,34020.18,18818.51,2947.52,1807.84,1086.48,25.68
2021M08,68.87,70.02,68.85,67.73,4.05,15.43,10.8,1.71,1.9,2.23,2602.99,162.16,9370.14,2414.47,35024,19141.3,2987.95,1785.28,1008.73,23.99
2021M09,72.8,74.6,72.24,71.56,5.11,22.84,11.44,1.63,1.79,2.29,2834.56,124.52,9324.71,2248.3,34887.3,19376.88,3036.02,1775.14,973.19,23.19
2021M10,82.06,83.65,81.22,81.32,5.48,31.05,12.38,1.73,1.87,2.59,2934.39,122.91,9829.22,2344.83,37722.92,19362.39,3359.91,1776.85,1017.1,23.41
2021M11,79.92,80.77,79.8,79.18,5.02,27.62,15.25,1.74,1.93,2.79,2636.45,96.24,9728.9,2329.98,39158.69,19932.86,3311.27,1821.76,1038.05,24.18
2021M12,72.87,74.31,72.76,71.53,3.73,38.03,15.32,1.72,1.92,2.65,2695.53,116.96,9551.18,2301.69,39422.52,20015.55,3399.21,1790.43,944.59,22.53
2022M01,83.92,85.53,83.11,83.12,4.33,28.26,14.69,1.78,1.97,2.91,3005.98,132.53,9782.34,2331.85,41791.7,22355.4,3599.14,1816.02,994.15,23.16
2022M02,93.54,95.76,93.13,91.74,4.66,27.23,17,1.79,2.11,3.05,3245.79,142.84,9943.17,2296.86,43983.35,24015.55,3620.04,1856.3,1049.4,23.54
2022M03,112.4,115.59,113.11,108.49,4.88,42.39,15.11,1.75,2.12,3.11,3498.37,152.07,10230.89,2344.84,43949.67,33924.18,3962.21,1947.83,1043.26,25.31
2022M04,103.41,105.78,102.68,101.78,6.53,32.2,16.29,1.7,2.09,3.42,3244.41,151.25,10161.38,2380.41,42991.11,33132.74,4360.43,1936.86,965,24.55
2022M05,110.1,112.37,108.32,109.6,8.14,29.17,16.68,1.62,2.06,3.61,2830.32,131.21,9377.15,2142.48,35769.39,28062.55,3751.48,1848.5,958.38,21.91
2022M06,116.8,120.08,115.73,114.59,7.67,33.56,15.53,1.64,2.03,3.40,2563.44,130.74,9024.46,2066.38,31559.31,25658.63,3629.73,1836.57,956.59,21.56
2022M07,105.08,108.92,106.48,99.85,7.26,51.33,18.88,1.56,1.78,2.89,2408.42,108.57,7544.81,1985.2,25395.77,21481.89,3105.36,1732.74,869.25,19.08
2022M08,95.97,98.6,97.75,91.57,8.79,70.04,21.21,1.46,1.61,2.74,2430.79,108.85,7981.84,2072.72,24647.48,22057.39,3587.57,1764.56,908.65,19.72
2022M09,88.22,90.16,90.63,83.87,7.76,59.1,23.73,1.32,1.48,2.59,2224.76,99.81,7746.01,1870.1,21124.04,22773.97,3124.97,1680.78,881.24,18.94
2022M10,90.33,93.13,90.59,87.26,5.62,39.02,21.84,1.29,1.5,2.20,2255.54,92.56,7651.08,1999.86,19391.17,22032.89,2967.21,1664.45,914.67,19.43
2022M11,87.38,91.07,86.28,84.78,5.28,35.72,19.59,1.27,1.43,2.23,2350.72,93.34,8049.86,2099.99,21249.5,25562.7,2938.92,1725.07,989.05,21.02
2022M12,78.07,80.9,76.78,76.52,5.5,36.04,20.58,1.35,1.54,2.22,2401.69,111.84,8375.4,2216.48,24172.37,28946.81,3129.48,1797.55,1010.95,23.33
2023M01,80.41,83.09,80.03,78.11,3.27,20.18,20.19,1.41,1.63,2.21,2501.82,122.23,9037.95,2201.26,28154.14,28194.61,3309.81,1897.71,1053.25,23.65
2023M02,80.25,82.71,81.21,76.84,2.38,16.54,18.42,1.4,1.62,2.19,2416.18,127.6,8936.59,2093.06,26862.9,26727.95,3133.84,1854.54,958.85,21.92
2023M03,76.47,78.53,77.52,73.37,2.3,13.81,16.03,1.36,1.58,2.10,2296.42,128.37,8856.31,2115.18,23999.96,23288.61,2967.46,1912.73,970.61,21.98
2023M04,82.46,84.11,83.83,79.44,2.16,13.52,14.37,1.36,1.54,2.10,2343.23,117.39,8809.42,2149.43,25793.75,23894.56,2767.56,1999.77,1050.74,25.01
2023M05,74.12,75.7,75.08,71.59,2.15,10.11,13.43,1.35,1.56,2.07,2268.6,105.15,8217.47,2083.6,25533.8,21970.39,2475.7,1992.13,1062.73,24.27
2023M06,73.26,74.89,74.67,70.23,2.18,10.35,12.68,1.32,1.53,2.04,2184.75,113.45,8396.52,2122.89,27216.68,21233.28,2375.45,1942.9,970.64,23.42
2023M07,78.98,80.1,80.46,76.39,2.55,9.55,12.99,1.3,1.49,2.05,2159.73,114.43,8476.68,2109.12,28743.14,21091.26,2404.65,1951.02,950.42,24.26
2023M08,84.72,86.16,86.61,81.4,2.58,11.19,12.54,1.29,1.47,2.11,2136.57,110.2,8349.13,2153.84,26074.87,20438.65,2406.72,1918.7,925,23.44
2023M09,92.22,94,93.08,89.58,2.64,11.55,12.21,1.42,1.55,2.16,2184.67,120.98,8276.71,2252.1,25573.93,19644.64,2495.5,1915.95,920.9,23.1
2023M10,89.08,91.06,90.62,85.57,2.99,14.57,12.62,1.45,1.61,2.11,2192.21,118.97,7937.18,2133.72,24536.07,18281.23,2448.56,1916.25,891.9,22.38
2023M11,81.35,83.18,83.45,77.43,2.71,14.49,12.72,1.48,1.67,1.99,2202.26,131.07,8189.59,2188.46,24167.86,17027.36,2543.61,1984.11,905.75,23.49
2023M12,75.72,77.86,77.22,72.08,2.53,11.51,14.44,1.46,1.66,2.00,2182.43,137.05,8399.94,2026.91,24600.26,16460.84,2502.39,2026.18,935.47,23.88
2024M01,77.67,80.23,78.86,73.93,3.18,9.56,14.34,1.53,1.8,2.03,2192.82,135.82,8338.88,2086.12,25099.84,16103.83,2515.42,2034.04,925.86,22.92
2024M02,80.55,83.76,81.18,76.7,1.72,8.15,13.64,1.56,2.02,2.20,2179.46,124.39,8304.95,2079.83,26104.1,16338.46,2360.09,2023.24,894.29,22.66
2024M03,83.55,85.45,84.7,80.49,1.5,8.55,13.19,1.65,2.39,2.20,2226.16,109.79,8689.13,2056.2,27450.46,17438.83,2461.04,2158.01,908.75,24.52
2024M04,88.01,90.05,89.39,84.59,1.6,9.09,11.88,1.63,2.28,1.99,2506.1,112.75,9464.43,2129.46,31774.5,18163.95,2732.74,2331.45,940.18,27.49
2024M05,81.45,82,83.53,78.81,2.13,10.12,12.16,1.69,2.15,1.91,2564.54,118.88,10139.33,2220.81,32977.51,19586.98,2959.13,2351.13,1014.68,29.36
2024M06,81.21,82.56,82.17,78.89,2.51,10.87,12.13,1.75,2.26,1.83,2497.61,107.45,9648.17,2147.1,32032.7,17498.01,2809.19,2326.44,985.08,29.58
2024M07,83.26,85.3,83.94,80.54,2.08,10.35,12.49,1.65,2.06,1.79,2349.13,106.85,9385.31,2106.94,31860.47,16334.88,2777.27,2398.2,978.8,29.77
2024M08,78.12,80.86,77.95,75.55,1.99,12.37,13.32,1.74,2.39,1.76,2343.67,99.91,8971.96,1994.63,31491.65,16292.12,2714.08,2470.15,945.36,28.53
2024M09,72.42,74.29,73.43,69.55,2.25,11.78,12.97,1.91,2.65,1.82,2449.92,92.83,9237.48,2000.31,31471.69,16076.74,2837.02,2570.55,966.7,30.13
2024M10,73.97,75.66,74.65,71.6,2.21,12.92,12.54,2.01,2.63,1.84,2595.58,101.39,9533.99,2034,32012.43,16765.8,3105.77,2690.08,998.91,32.42
2024M11,72.29,74.4,72.79,69.69,2.1,13.93,12.82,1.93,2.29,1.80,2582.19,100.5,9075.73,1987.53,29654.89,15723.06,3004.2,2651.13,965.53,31.09
2024M12,72.31,73.83,73.31,69.79,3.02,13.86,12.64,1.99,2.38,1.76,2541.02,102.21,8916.32,1990.43,28864.99,15444.89,3034.16,2648.01,937.88,30.76
2025M01,78.16,79.21,80.14,75.14,4.1,14.66,13.19,1.93,2.37,1.72,2573.4,99.58,8991.41,1921.36,29612.36,15394.14,2818.96,2709.69,949.23,30.41
2025M02,73.82,75.16,74.97,71.33,4.22,15.34,12.78,2.01,2.41,1.72,2657.6,105.08,9330.6,1956.55,31832.96,15288.09,2800.14,2894.73,978.25,32.15
2025M03,70.7,72.57,71.71,67.82,4.13,13.24,12.55,1.98,2.36,1.71,2658.29,100.1,9739.68,2033.21,34047.87,16065.69,2889.29,2983.25,980.05,33.19
2025M04,65.91,67.75,66.89,63.08,3.4,11.59,12.68,1.71,2.13,1.73,2371.6,97.24,9176.8,1903.46,32565.05,15113.29,2621.55,3217.64,958.81,32.23
2025M05,62.75,64.21,63.01,61.03,3.12,11.66,12.32,1.7,2.19,1.72,2448.79,96.97,9532.98,1957.75,31981.17,15345.79,2644.37,3309.49,979.5,32.76
2025M06,69.15,71.45,68.5,67.49,3.02,12.37,12.17,1.61,2.16,1.73,2525.96,92.33,9835.07,1973.86,32544.03,15003.11,2654.65,3352.66,1251.48,36.01
2025M07,69.19,70.95,69.23,67.39,3.19,11.62,11.91,1.68,2.23,1.74,2606.37,97.26,9770.58,1993.17,33610.26,15034.02,2762.56,3340.15,1390.99,37.7
2025M08,66.72,68.2,67.87,64.08,2.91,11.15,11.79,1.71,2.15,1.73,2597.34,99.74,9669.56,1946.67,33833.76,14949.25,2789.15,3368.03,1342.53,38.19
2025M09,66.46,67.95,67.75,63.67,2.97,11.12,11.47,1.74,2.11,1.72,2653.32,103.28,9983.79,1954.98,34483.91,15105.64,2932.96,3667.68,1434.91,42.82
2025M10,63.04,64.65,64.3,60.17,3.2,10.89,11.1,1.71,2,1.68,2793.09,103.53,10739.91,1967.54,36011.92,15092.12,3152,4058.33,1615.55,49.44
2025M11,62.34,63.61,63.83,59.57,3.79,10.42,11.15,1.71,2.03,1.66,2819.06,102.48,10812.03,1998.48,36963.22,14670.77,3176.84,4087.19,1564.79,50.43
2025M12,60.88,62.72,61.98,57.94,4.25,9.48,11.32,1.74,2.06,1.63,2875.53,104.59,11785.25,1939.79,41219.52,14883.99,3167.87,4309.23,1893.43,62.34
2026M01,63.65,66.77,63.91,60.28,7.58,11.76,11.49,1.84,2.14,1.64,3141.89,105.53,13012,1994.54,49538.44,17768.5,3212.68,4752.75,2433.83,92.06
2026M02,68.01,71.11,68.36,64.57,3.61,11.24,11.32,1.93,2.26,1.63,3065.19,98.84,12951.35,1917.43,48694.34,17173.1,3323.71,5019.97,2137.33,81.95
2026M03,95.58,103.69,91.88,91.16,3.05,17.91,14.85,1.95,2.39,1.70,3372.95,104.45,12528.71,1878.19,47323.68,17076.29,3182.26,4855.54,2046.01,77.88
