"year_month","Brent Crude","WTI Crude","Dubai Crude","US Natural Gas","EU Natural Gas","Japan LNG","Urea (Nitrogen)","DAP (Phosphor)","Kalium (Potassium)","Maize","Sorghum","Rice","SRW Wheat","HRW Wheat"
"1960M01",1.6,NA,1.6,0.14,0.4,NA,42.3,NA,28.5,45,39,104.5,NA,59.9
"1960M02",1.6,NA,1.6,0.14,0.4,NA,42.3,NA,28.5,44,39,103.5,NA,61
"1960M03",1.6,NA,1.6,0.14,0.4,NA,42.3,NA,28.5,45,35,103.8,NA,61.7
"1960M04",1.6,NA,1.6,0.14,0.4,NA,42.3,NA,28.5,45,35,101,NA,61
"1960M05",1.6,NA,1.6,0.14,0.4,NA,42.3,NA,28.5,48,35,102.2,NA,57.7
"1960M06",1.6,NA,1.6,0.14,0.4,NA,42.3,NA,28.5,47,36,103.1,NA,55.5
"1960M07",1.6,NA,1.6,0.14,0.4,NA,42.3,NA,28.5,47,39.9,102.1,NA,54.8
"1960M08",1.6,NA,1.6,0.14,0.4,NA,42.3,NA,28.5,47,39,109.7,NA,55.1
"1960M09",1.6,NA,1.6,0.14,0.4,NA,42.3,NA,28.5,46,35,116.1,NA,56.6
"1960M10",1.6,NA,1.6,0.14,0.4,NA,42.3,NA,28.5,42,35,115.2,NA,57
"1960M11",1.6,NA,1.6,0.14,0.4,NA,42.3,NA,28.5,38,35,114.4,NA,57.7
"1960M12",1.6,NA,1.6,0.14,0.4,NA,42.3,NA,28.5,40,36,112.7,NA,58.1
"1961M01",1.6,NA,1.6,0.15,0.4,NA,42.3,NA,30,43,38,113.5,NA,58.8
"1961M02",1.6,NA,1.6,0.15,0.4,NA,42.3,NA,30,44,39,109.5,NA,59.2
"1961M03",1.6,NA,1.6,0.15,0.4,NA,42.3,NA,30,44,39,117.7,NA,58.1
"1961M04",1.6,NA,1.6,0.15,0.4,NA,42.3,NA,30,43,38,115.2,NA,57.3
"1961M05",1.6,NA,1.6,0.15,0.4,NA,42.3,NA,30,45,42,119.4,NA,55.9
"1961M06",1.6,NA,1.6,0.15,0.4,NA,42.3,NA,30,44,45,121.4,NA,54.4
"1961M07",1.6,NA,1.6,0.15,0.4,NA,42.3,NA,30,45,45,123.4,NA,56.6
"1961M08",1.6,NA,1.6,0.15,0.4,NA,42.3,NA,30,44,44,119.6,NA,58.8
"1961M09",1.6,NA,1.6,0.15,0.4,NA,42.3,NA,30,43,45,119,NA,59.9
"1961M10",1.6,NA,1.6,0.15,0.4,NA,42.3,NA,30,47.6,40,120.3,NA,60.3
"1961M11",1.6,NA,1.6,0.15,0.4,NA,42.3,NA,30,48.4,41,128.3,NA,61.7
"1961M12",1.6,NA,1.6,0.15,0.4,NA,42.3,NA,30,48.4,41,120.1,NA,62.5
"1962M01",1.5,NA,1.5,0.16,0.4,NA,42.3,NA,30,48,44.5,117.8,NA,60.6
"1962M02",1.5,NA,1.5,0.16,0.4,NA,42.3,NA,30,48,44.5,119.2,NA,61.4
"1962M03",1.5,NA,1.5,0.16,0.4,NA,42.3,NA,30,48.8,45.6,123.8,NA,61.7
"1962M04",1.5,NA,1.5,0.16,0.4,NA,42.3,NA,30,48.8,46.5,130.8,NA,62.1
"1962M05",1.5,NA,1.5,0.16,0.4,NA,42.3,NA,30,49.6,47.2,149.1,NA,63.6
"1962M06",1.5,NA,1.5,0.16,0.4,NA,42.3,NA,30,49.6,47.2,144.1,NA,64.3
"1962M07",1.5,NA,1.5,0.16,0.4,NA,42.3,NA,30,48.8,44.3,144.2,NA,65.4
"1962M08",1.5,NA,1.5,0.16,0.4,NA,42.3,NA,30,47.2,42.6,142.9,NA,66.5
"1962M09",1.5,NA,1.5,0.16,0.4,NA,42.3,NA,30,47.6,42.6,140.6,NA,65.8
"1962M10",1.5,NA,1.5,0.16,0.4,NA,42.3,NA,30,47.6,42.8,143,NA,64.3
"1962M11",1.5,NA,1.5,0.16,0.4,NA,42.3,NA,30,48.4,43.4,142.5,NA,68.7
"1962M12",1.5,NA,1.5,0.16,0.4,NA,42.3,NA,30,51.2,45.2,121.1,NA,67.6
"1963M01",1.5,NA,1.5,0.16,0.39,NA,42.3,NA,30,52.8,46.5,121.8,NA,67.2
"1963M02",1.5,NA,1.5,0.16,0.39,NA,42.3,NA,30,53.2,47.2,123.4,NA,68.3
"1963M03",1.5,NA,1.5,0.16,0.39,NA,42.3,NA,30,52.4,47.2,123.3,NA,69.5
"1963M04",1.5,NA,1.5,0.16,0.39,NA,42.3,NA,30,52,46.3,122.4,NA,70.9
"1963M05",1.5,NA,1.5,0.16,0.39,NA,42.3,NA,30,52.4,46.5,123.2,NA,67.6
"1963M06",1.5,NA,1.5,0.16,0.39,NA,42.3,NA,30,55.5,48.3,128.1,NA,58.4
"1963M07",1.5,NA,1.5,0.16,0.39,NA,42.3,NA,30,56.7,48.4,130.6,NA,57.7
"1963M08",1.5,NA,1.5,0.16,0.39,NA,42.3,NA,30,55.5,47.8,129.9,NA,58.4
"1963M09",1.5,NA,1.5,0.16,0.39,NA,42.3,NA,30,55.9,48.9,130.3,NA,60.6
"1963M10",1.5,NA,1.5,0.16,0.39,NA,42.3,NA,30,53.2,49,128.7,NA,65
"1963M11",1.5,NA,1.5,0.16,0.39,NA,42.3,NA,30,52.4,49,124.8,NA,65
"1963M12",1.5,NA,1.5,0.16,0.39,NA,42.3,NA,30,53.5,49,121.5,NA,65
"1964M01",1.5,NA,1.5,0.15,0.38,NA,60.5,NA,32.5,55.1,49.6,124,NA,64
"1964M02",1.5,NA,1.5,0.15,0.38,NA,60.5,NA,32.5,52.8,49.9,119.1,NA,66.1
"1964M03",1.5,NA,1.5,0.15,0.38,NA,60.5,NA,32.5,54.3,49,115.1,NA,66.9
"1964M04",1.5,NA,1.5,0.15,0.38,NA,60.5,NA,32.5,55.5,48.1,116.9,NA,67.6
"1964M05",1.5,NA,1.5,0.15,0.38,NA,60.5,NA,32.5,55.9,48.1,117,NA,69.5
"1964M06",1.5,NA,1.5,0.15,0.38,NA,60.5,NA,32.5,56.3,47.4,119.2,NA,65
"1964M07",1.5,NA,1.5,0.15,0.38,NA,60.5,NA,32.5,55.9,47.4,122.6,NA,68.7
"1964M08",1.5,NA,1.5,0.15,0.38,NA,60.5,NA,32.5,54.7,47.6,122.9,NA,68.7
"1964M09",1.5,NA,1.5,0.15,0.38,NA,60.5,NA,32.5,55.1,48.5,123.4,NA,69.1
"1964M10",1.5,NA,1.5,0.15,0.38,NA,60.5,NA,32.5,52.8,47.4,121.5,NA,68.7
"1964M11",1.5,NA,1.5,0.15,0.38,NA,60.5,NA,32.5,52.8,47.2,121,NA,68
"1964M12",1.5,NA,1.5,0.15,0.38,NA,60.5,NA,32.5,54.3,48.7,119.1,NA,68
"1965M01",1.4,NA,1.4,0.16,0.41,NA,65.8,NA,29.5,55.9,49.8,114.6,NA,66.1
"1965M02",1.4,NA,1.4,0.16,0.41,NA,65.8,NA,29.5,56.7,49.8,115.9,NA,61.4
"1965M03",1.4,NA,1.4,0.16,0.41,NA,65.8,NA,29.5,57.1,48.9,115.6,NA,61
"1965M04",1.4,NA,1.4,0.16,0.41,NA,65.8,NA,29.5,57.5,47.8,113.3,NA,59.9
"1965M05",1.4,NA,1.4,0.16,0.41,NA,65.8,NA,29.5,58.7,47.8,111.8,NA,59.2
"1965M06",1.4,NA,1.4,0.16,0.41,NA,65.8,NA,29.5,58.3,47.8,110.9,NA,58.1
"1965M07",1.4,NA,1.4,0.16,0.41,NA,65.8,NA,29.5,56.7,47.8,112,NA,57.3
"1965M08",1.4,NA,1.4,0.16,0.41,NA,65.8,NA,29.5,55.1,47.4,116.9,NA,57.7
"1965M09",1.4,NA,1.4,0.16,0.41,NA,65.8,NA,29.5,53.9,47.4,126.6,NA,58.4
"1965M10",1.4,NA,1.4,0.16,0.41,NA,65.8,NA,29.5,51.6,46.5,126.7,NA,58.1
"1965M11",1.4,NA,1.4,0.16,0.41,NA,65.8,NA,29.5,51.6,46.3,129.2,NA,58.1
"1965M12",1.4,NA,1.4,0.16,0.41,NA,65.8,NA,29.5,55.1,47.6,132.1,NA,58.4
"1966M01",1.4,NA,1.4,0.16,0.42,NA,59.3,NA,27.5,57.1,47.6,125.5,NA,58.4
"1966M02",1.4,NA,1.4,0.16,0.42,NA,59.3,NA,27.5,57.1,48.5,124.8,NA,58.8
"1966M03",1.4,NA,1.4,0.16,0.42,NA,59.3,NA,27.5,55.5,47.4,131.7,NA,58.8
"1966M04",1.4,NA,1.4,0.16,0.42,NA,59.3,NA,27.5,55.9,47,143,NA,58.8
"1966M05",1.4,NA,1.4,0.16,0.42,NA,59.3,NA,27.5,55.1,47,140.9,NA,58.8
"1966M06",1.4,NA,1.4,0.16,0.42,NA,59.3,NA,27.5,57.1,46.7,144.5,NA,62.1
"1966M07",1.4,NA,1.4,0.16,0.42,NA,59.3,NA,27.5,59.1,47.2,153.3,NA,65.4
"1966M08",1.4,NA,1.4,0.16,0.42,NA,59.3,NA,27.5,62.6,50.5,150.4,NA,67.6
"1966M09",1.4,NA,1.4,0.16,0.42,NA,59.3,NA,27.5,61,51.6,155.4,NA,67.2
"1966M10",1.4,NA,1.4,0.16,0.42,NA,59.3,NA,27.5,58.7,48.7,164.3,NA,66.1
"1966M11",1.4,NA,1.4,0.16,0.42,NA,59.3,NA,27.5,59.1,49.4,166.1,NA,65.8
"1966M12",1.4,NA,1.4,0.16,0.42,NA,59.3,NA,27.5,61.4,51.4,142.6,NA,67.6
"1967M01",1.3,NA,1.3,0.16,0.46,NA,49.3,68.5,25.5,60.2,52.9,142.3,NA,67.2
"1967M02",1.3,NA,1.3,0.16,0.46,NA,49.3,68.5,25.5,59.1,52.9,151.5,NA,68
"1967M03",1.3,NA,1.3,0.16,0.46,NA,49.3,68.5,25.5,59.1,54.9,163.5,NA,69.8
"1967M04",1.3,NA,1.3,0.16,0.46,NA,49.3,68.5,25.5,57.9,54.2,168.5,NA,68.3
"1967M05",1.3,NA,1.3,0.16,0.46,NA,49.3,68.5,25.5,57.1,54.5,175.8,NA,68.3
"1967M06",1.3,NA,1.3,0.16,0.46,NA,49.3,68.5,25.5,57.1,52.9,184.5,NA,66.5
"1967M07",1.3,NA,1.3,0.16,0.46,NA,49.3,68.5,25.5,55.1,52,206.2,NA,64.7
"1967M08",1.3,NA,1.3,0.16,0.46,NA,49.3,68.5,25.5,52,50.3,207.2,NA,63.9
"1967M09",1.3,NA,1.3,0.16,0.46,NA,49.3,68.5,25.5,49.2,49.6,221.6,NA,63.2
"1967M10",1.3,NA,1.3,0.16,0.46,NA,49.3,68.5,25.5,48,49.4,224.1,NA,63.6
"1967M11",1.3,NA,1.3,0.16,0.46,NA,49.3,68.5,25.5,47.6,48.9,213.6,NA,62.8
"1967M12",1.3,NA,1.3,0.16,0.46,NA,49.3,68.5,25.5,46.9,50.3,213.6,NA,62.1
"1968M01",1.3,NA,1.3,0.16,0.45,NA,35.5,60.5,24,51.6,55.6,198.8,NA,62.1
"1968M02",1.3,NA,1.3,0.16,0.45,NA,35.5,60.5,24,51.2,58.1,207,NA,62.8
"1968M03",1.3,NA,1.3,0.16,0.45,NA,35.5,60.5,24,50,57,209.8,NA,63.6
"1968M04",1.3,NA,1.3,0.16,0.45,NA,35.5,60.5,24,48,57,197,NA,61.7
"1968M05",1.3,NA,1.3,0.16,0.45,NA,35.5,60.5,24,48.4,53.1,187.1,NA,60.3
"1968M06",1.3,NA,1.3,0.16,0.45,NA,35.5,60.5,24,47.6,51.3,179.3,NA,61.7
"1968M07",1.3,NA,1.3,0.16,0.45,NA,35.5,60.5,24,47.2,49.8,181.7,NA,63.6
"1968M08",1.3,NA,1.3,0.16,0.45,NA,35.5,60.5,24,44.9,46.9,177.7,NA,63.9
"1968M09",1.3,NA,1.3,0.16,0.45,NA,35.5,60.5,24,44.1,47.3,175.8,NA,63.6
"1968M10",1.3,NA,1.3,0.16,0.45,NA,35.5,60.5,24,44.9,48.8,163.7,NA,63.6
"1968M11",1.3,NA,1.3,0.16,0.45,NA,35.5,60.5,24,49.2,52,157.1,NA,63.2
"1968M12",1.3,NA,1.3,0.16,0.45,NA,35.5,60.5,24,48.4,53.9,159.9,NA,63.2
"1969M01",1.3,NA,1.3,0.17,0.45,NA,26.6,58,22,50.4,53.2,162.4,NA,63.2
"1969M02",1.3,NA,1.3,0.17,0.45,NA,26.6,58,22,50.4,54.1,160.5,NA,62.8
"1969M03",1.3,NA,1.3,0.17,0.45,NA,26.6,58,22,50.4,53.1,167,NA,62.1
"1969M04",1.3,NA,1.3,0.17,0.45,NA,26.6,58,22,51.6,51.9,165.2,NA,62.1
"1969M05",1.3,NA,1.3,0.17,0.45,NA,26.6,58,22,54.3,49.9,171.1,NA,62.1
"1969M06",1.3,NA,1.3,0.17,0.45,NA,26.6,58,22,54.3,49,178.8,NA,61.7
"1969M07",1.3,NA,1.3,0.17,0.45,NA,26.6,58,22,53.9,51.5,180.5,NA,60.3
"1969M08",1.3,NA,1.3,0.17,0.45,NA,26.6,58,22,53.5,54.2,171.6,NA,56.2
"1969M09",1.3,NA,1.3,0.17,0.45,NA,26.6,58,22,51.2,56.8,167.6,NA,53.7
"1969M10",1.3,NA,1.3,0.17,0.45,NA,26.6,58,22,51.9,57.4,167.4,NA,52.2
"1969M11",1.3,NA,1.3,0.17,0.45,NA,26.6,58,22,53.2,57.5,167.6,NA,52.2
"1969M12",1.3,NA,1.3,0.17,0.45,NA,26.6,58,22,52.4,56.5,161.1,NA,52.2
"1970M01",1.2,NA,1.2,0.17,0.45,NA,18.3,54,31.5,58.4,51.8,140.5,NA,52.2
"1970M02",1.2,NA,1.2,0.17,0.45,NA,18.3,54,31.5,58.4,51.8,133.4,NA,52.2
"1970M03",1.2,NA,1.2,0.17,0.45,NA,18.3,54,31.5,58.4,51.8,126.3,NA,52.2
"1970M04",1.2,NA,1.2,0.17,0.45,NA,18.3,54,31.5,58.4,51.8,121.6,NA,52.2
"1970M05",1.2,NA,1.2,0.17,0.45,NA,18.3,54,31.5,58.4,51.8,121.6,NA,52.2
"1970M06",1.2,NA,1.2,0.17,0.45,NA,18.3,54,31.5,58.4,51.8,124,NA,52.2
"1970M07",1.2,NA,1.2,0.17,0.45,NA,18.3,54,31.5,58.4,51.8,124.9,NA,52.5
"1970M08",1.2,NA,1.2,0.17,0.45,NA,18.3,54,31.5,58.4,51.8,128.1,NA,54
"1970M09",1.2,NA,1.2,0.17,0.45,NA,18.3,54,31.5,58.4,51.8,125.7,NA,56.2
"1970M10",1.2,NA,1.2,0.17,0.45,NA,18.3,54,31.5,58.4,51.8,124.4,NA,58.8
"1970M11",1.2,NA,1.2,0.17,0.45,NA,18.3,54,31.5,58.4,51.8,124.8,NA,61
"1970M12",1.2,NA,1.2,0.17,0.45,NA,18.3,54,31.5,58.4,51.8,120.4,NA,63.2
"1971M01",1.6,NA,1.6,0.18,0.5,NA,16,57.5,32.5,58.4,55.8,121.4,NA,63.6
"1971M02",1.6,NA,1.6,0.18,0.5,NA,16,57.5,32.5,58.4,55.8,105.1,NA,63.6
"1971M03",1.6,NA,1.6,0.18,0.5,NA,16,57.5,32.5,58.4,55.8,98.9,NA,62.8
"1971M04",1.6,NA,1.6,0.18,0.5,NA,16,57.5,32.5,58.4,55.8,95.7,NA,62.5
"1971M05",1.6,NA,1.6,0.18,0.5,NA,16,57.5,32.5,58.4,55.8,106,NA,63.2
"1971M06",1.6,NA,1.6,0.18,0.5,NA,16,57.5,32.5,58.4,55.8,109.2,NA,61.4
"1971M07",1.7,NA,1.7,0.18,0.5,NA,16,66,32.5,58.4,55.8,111.5,NA,61.4
"1971M08",1.7,NA,1.7,0.18,0.5,NA,16,66,32.5,58.4,55.8,113.4,NA,61
"1971M09",1.7,NA,1.7,0.18,0.5,NA,16,66,32.5,58.4,55.8,120.6,NA,61
"1971M10",1.7,NA,1.7,0.18,0.5,NA,16,66,32.5,58.4,55.8,121.7,NA,60.3
"1971M11",1.7,NA,1.7,0.18,0.5,NA,16,66,32.5,58.4,55.8,118.1,NA,60.3
"1971M12",1.7,NA,1.7,0.18,0.5,NA,16,66,32.5,58.4,55.8,117,NA,59.9
"1972M01",1.8,NA,1.8,0.19,0.54,NA,29.3,83,33.5,51.3,53.1,113.8,NA,59.9
"1972M02",1.8,NA,1.8,0.19,0.54,NA,29.3,83,33.5,51.7,53.5,112.6,NA,59.9
"1972M03",1.8,NA,1.8,0.19,0.54,NA,29.3,83,33.5,52.5,53.6,113.1,NA,59.9
"1972M04",1.8,NA,1.8,0.19,0.54,NA,29.3,83,33.5,53.7,53.7,111.6,NA,60.3
"1972M05",1.8,NA,1.8,0.19,0.54,NA,29.3,83,33.5,54.5,51.5,114.1,NA,60.3
"1972M06",1.8,NA,1.8,0.19,0.54,NA,29.3,83,33.5,52.9,49.8,118.4,NA,59.9
"1972M07",1.9,NA,1.9,0.19,0.54,NA,29.3,99,33.5,54.1,51.9,119.3,NA,60.3
"1972M08",1.9,NA,1.9,0.19,0.54,NA,29.3,99,33.5,55.7,54.9,135.6,NA,62.1
"1972M09",1.9,NA,1.9,0.19,0.54,NA,29.3,99,33.5,59.2,58.2,144.8,NA,76.1
"1972M10",1.9,NA,1.9,0.19,0.54,NA,29.3,99,33.5,57.2,56.9,148.7,NA,87.5
"1972M11",1.9,NA,1.9,0.19,0.54,NA,29.3,99,33.5,59.2,62,156,NA,88.9
"1972M12",1.9,NA,1.9,0.19,0.54,NA,29.3,99,33.5,67.1,75.8,165.5,NA,102.9
"1973M01",2.1,NA,2.1,0.21,0.69,NA,64.8,105,42.5,79.1,81.4,160.9,NA,108.4
"1973M02",2.1,NA,2.1,0.21,0.69,NA,64.8,105,42.5,81.1,78.5,173.5,NA,98.8
"1973M03",2.1,NA,2.1,0.21,0.69,NA,64.8,105,42.5,79.9,76.3,185.9,NA,98.5
"1973M04",2.4,NA,2.4,0.21,0.69,NA,64.8,105,42.5,77.8,74.5,185.9,NA,101.1
"1973M05",2.4,NA,2.4,0.21,0.69,NA,64.8,105,42.5,89,78.5,185.9,NA,102.2
"1973M06",2.4,NA,2.4,0.21,0.69,NA,64.8,105,42.5,101.2,87.3,185.9,NA,108.4
"1973M07",2.7,NA,2.7,0.21,0.69,NA,64.8,132.5,42.5,109.4,99.7,332.5,NA,114.6
"1973M08",2.7,NA,2.7,0.21,0.69,NA,64.8,132.5,42.5,122.4,113.3,377.7,NA,192.5
"1973M09",2.7,NA,2.7,0.21,0.69,NA,64.8,132.5,42.5,107.1,105.8,377.7,NA,189.6
"1973M10",4.1,NA,4.1,0.21,0.69,NA,64.8,132.5,42.5,106.4,109.2,337.7,NA,182.3
"1973M11",4.1,NA,4.1,0.21,0.69,NA,64.8,132.5,42.5,107.9,106.7,475.9,NA,181.9
"1973M12",4.1,NA,4.1,0.21,0.69,NA,64.8,132.5,42.5,112.6,109.6,495.5,NA,199.5
"1974M01",13,NA,13,0.29,1.73,NA,285.8,215,53,112.3,115.8,512.2,NA,213.5
"1974M02",13,NA,13,0.29,1.73,NA,285.8,232.5,55,131.1,121.3,539.7,NA,220.5
"1974M03",13,NA,13,0.29,1.73,NA,285.8,262.5,55,126.4,113.5,570.2,NA,190.7
"1974M04",10.6,NA,10.6,0.29,1.73,NA,285.8,293.8,55,114.2,103.1,603.6,NA,162
"1974M05",10.6,NA,10.6,0.29,1.73,NA,285.8,301.3,55,113.7,95.9,598.7,NA,141.5
"1974M06",10.6,NA,10.6,0.29,1.73,NA,285.8,339.5,57,116.6,93.7,570.4,NA,155.8
"1974M07",10,NA,10,0.29,1.73,NA,285.8,358.1,58,132.3,116,494.6,NA,169
"1974M08",10,NA,10,0.29,1.73,NA,285.8,365,62,145.8,127.9,496.5,NA,167.6
"1974M09",10,NA,10,0.29,1.73,NA,285.8,405,66,141.4,128.7,491.9,NA,170.5
"1974M10",10.3,NA,10.3,0.29,1.73,NA,285.8,405,70,151.6,149.3,478.4,NA,192.2
"1974M11",10.3,NA,10.3,0.29,1.73,NA,285.8,405,70,144.1,146.2,436.6,NA,187.4
"1974M12",10.3,NA,10.3,0.29,1.73,NA,285.8,408.8,70,145.3,140,413.3,NA,185.9
"1975M01",10.4,NA,10.4,0.43,1.68,NA,168,396,70,131.7,118.8,376.7,NA,164.2
"1975M02",10.4,NA,10.4,0.43,1.68,NA,168,383,70,120.5,109.1,381.4,NA,153.2
"1975M03",10.4,NA,10.4,0.43,1.68,NA,168,363,88,120.2,111.1,374,NA,147.3
"1975M04",10.4,NA,10.4,0.43,1.68,NA,168,307,88,119.7,111.6,377.7,NA,140.4
"1975M05",10.4,NA,10.4,0.43,1.68,NA,168,242,89,114.5,110.1,365.4,NA,131.5
"1975M06",10.4,NA,10.4,0.43,1.68,NA,168,194,88,119.1,105.8,324.9,NA,127.1
"1975M07",10.4,NA,10.4,0.43,1.68,NA,168,181,85,119.8,103.4,307.7,NA,145.1
"1975M08",10.4,NA,10.4,0.43,1.68,NA,168,185,85,131.6,122.4,323.7,NA,162.8
"1975M09",10.4,NA,10.4,0.43,1.68,NA,168,192,84,122.3,118.2,336.2,NA,165.7
"1975M10",10.5,NA,10.5,0.43,1.68,NA,168,162,78,116.9,114.8,332.5,NA,161.7
"1975M11",10.5,NA,10.5,0.43,1.68,NA,168,150,76,110.3,108.9,309.5,NA,147
"1975M12",10.5,NA,10.5,0.43,1.68,NA,168,155,75,109.2,108.3,287.4,NA,142.6
"1976M01",11.5,NA,11.5,0.54,1.74,NA,82,130,70,110.3,108.6,259.9,NA,143.7
"1976M02",11.5,NA,11.5,0.54,1.74,NA,82,125,56,113.2,110.1,233.4,NA,152.9
"1976M03",11.5,NA,11.5,0.54,1.74,NA,82,126,56,113.1,110.5,228.4,NA,152.5
"1976M04",11.5,NA,11.5,0.55,1.74,NA,82,113,55,111.1,107.8,226.5,NA,145.5
"1976M05",11.5,NA,11.5,0.55,1.74,NA,82,104,53,118.2,107.8,226.5,NA,141.8
"1976M06",11.5,NA,11.5,0.58,1.74,NA,82,100,53,121.8,109.5,222.8,NA,146.2
"1976M07",11.6,NA,11.6,0.58,1.74,NA,82,120,55,121.3,113,222.7,NA,142.2
"1976M08",11.6,NA,11.6,0.6,1.74,NA,82,125,53,116.1,101.3,223.5,NA,126.4
"1976M09",11.6,NA,11.6,0.6,1.74,NA,82,140,53,115,105.9,244.9,NA,119.8
"1976M10",11.9,NA,11.9,0.62,1.74,NA,82,128,55,106.2,98.1,250,NA,111.3
"1976M11",11.9,NA,11.9,0.63,1.74,NA,82,115,54,98.7,93.5,239.2,NA,106.6
"1976M12",11.9,NA,11.9,0.64,1.74,NA,82,113,53,103.5,96.5,238.3,NA,106.2
"1977M01",12.5,NA,12.5,0.67,1.79,2.77,115,130,54.5,111.6,99.7,239.5,NA,108.8
"1977M02",12.5,NA,12.5,0.71,1.79,2.77,100.5,133,54.5,110.6,99.5,235.1,NA,110.6
"1977M03",12.5,NA,12.5,0.75,1.79,2.77,100.5,137,54.5,108,98,242.5,NA,106.9
"1977M04",12.4,NA,12.4,0.77,1.79,2.77,109.5,134,54.5,105.8,93.6,232.6,NA,102.2
"1977M05",12.4,NA,12.4,0.77,1.79,2.77,116.1,129,54.3,100.9,91.7,237.7,NA,94.8
"1977M06",12.4,NA,12.4,0.82,1.79,2.77,120,133,55,94.5,84.2,244.6,NA,93
"1977M07",12.6,NA,12.6,0.83,1.79,2.77,123.1,133,55,85,80.3,251.2,NA,96.6
"1977M08",12.6,NA,12.6,0.82,1.79,2.77,129.6,143,55.1,76.9,75.7,255,NA,95.5
"1977M09",12.6,NA,12.6,0.83,1.79,2.77,132.5,148,56.6,78.3,76.8,255,NA,99.9
"1977M10",12.7,NA,12.7,0.84,1.79,2.77,131,138,57.5,83.2,81,256.9,NA,104
"1977M11",12.7,NA,12.7,0.83,1.79,2.77,137,123,56,93.4,90,274.1,NA,111.7
"1977M12",12.7,NA,12.7,0.84,1.79,2.77,134.3,128,56,96,89.9,302.6,NA,114.6
"1978M01",12.7,NA,12.7,0.87,2.3,3.04,133,138,56,95.8,88.4,317.3,NA,114.3
"1978M02",12.7,NA,12.7,0.88,2.3,3.04,134.8,138,56,101,89.9,341.1,NA,115.7
"1978M03",12.7,NA,12.7,0.89,2.3,3.04,134.5,137,56,106.1,95.6,373.8,NA,124.2
"1978M04",12.7,NA,12.7,0.88,2.3,3.04,134,131,56,111.5,101.1,388.5,NA,130.8
"1978M05",12.7,NA,12.7,0.91,2.3,3.04,130.8,128,56,112.7,101.8,386.5,NA,124.6
"1978M06",12.7,NA,12.7,0.91,2.3,3.04,132.5,130,56,106.6,97.1,381.1,NA,126.4
"1978M07",12.8,NA,12.8,0.89,2.3,3.04,142,137,57,97.3,90.6,362.2,NA,127.1
"1978M08",12.8,NA,12.8,0.91,2.3,3.04,142.5,143,58.5,92,88,344.3,NA,127.5
"1978M09",12.8,NA,12.8,0.92,2.3,3.04,134.6,151.5,63.1,91,87.3,347,NA,130.8
"1978M10",12.9,NA,12.9,0.92,2.3,3.04,132,151.5,63.5,95.9,93.8,338.4,NA,137.4
"1978M11",13.2,NA,13.2,0.93,2.3,3.04,140.8,151.5,65,100.5,96.5,294.2,NA,137.8
"1978M12",14.5,NA,14.5,0.96,2.3,3.04,141,141.5,65,98.5,96.1,273.4,NA,136.3
"1979M01",19,NA,15.9,1.02,3.26,3.69,143,153,65,105.4,97.1,278.5,140.4,137.8
"1979M02",22,NA,19.5,1.05,3.26,3.69,143,157.5,64.5,107,97.8,279.5,144.8,140.4
"1979M03",23.3,NA,20.8,1.1,3.26,3.69,131.9,162.5,65.5,109.5,99.2,293,144,140
"1979M04",23.6,NA,21.2,1.11,3.26,3.69,135,164,70,111.5,98.3,295.5,142.2,140
"1979M05",32.8,NA,34.3,1.15,3.26,3.69,141.8,162,70,112.6,100.5,296.8,141.4,143.3
"1979M06",36.5,NA,32.8,1.17,3.26,3.69,148.5,175.5,71.3,120.4,109.5,303.3,163.9,167.9
"1979M07",35,NA,32,1.2,3.26,3.69,155.4,187.5,77,130.5,118.9,304.1,168.3,174.5
"1979M08",35.8,NA,32.3,1.24,3.26,3.69,160,207.5,79,118.9,111.4,328.4,162.8,169
"1979M09",36.5,NA,34.5,1.24,3.26,3.69,163.8,215,80.1,118,112.6,338.2,165,174.2
"1979M10",38.5,NA,36,1.28,3.26,3.69,167.5,247.5,83.5,119.1,116.2,340.4,163.1,178.2
"1979M11",42,NA,39.5,1.29,3.26,3.69,170,242,83.5,118.2,117.7,342.4,166.8,178.2
"1979M12",40.5,NA,39,1.31,3.26,3.69,176.3,246,108.3,115.3,118.2,356.9,173.1,180
"1980M01",40,NA,38,1.37,4.22,5.7,187.5,257,106.5,105.4,111.5,372.8,169.7,175.6
"1980M02",38.5,NA,36,1.42,4.22,5.7,187.5,257.5,106.5,113.9,118.3,376.5,170.5,172.7
"1980M03",38.3,NA,35.8,1.46,4.22,5.7,187.5,260.5,106.5,110.4,114.6,392.7,162.4,163.5
"1980M04",38.2,NA,35,1.51,4.22,5.7,196.3,202.5,106.5,108.2,114.5,396,155.8,156.5
"1980M05",38.5,NA,35.6,1.56,4.22,5.7,205,211,106.5,110,116.5,410.4,156.2,161.3
"1980M06",38,NA,36,1.57,4.22,5.7,205,212.5,106.5,113.6,119.4,418.9,146.2,157.6
"1980M07",37.4,NA,33.3,1.64,4.22,5.7,205,215,106.5,128.9,133,418.9,160.5,168.7
"1980M08",33.6,NA,32.3,1.64,4.22,5.7,205,215,106.5,143.5,143,418.9,165.3,171.2
"1980M09",33.4,NA,32.3,1.69,4.22,5.7,207,205,106.5,140.8,141.8,418.9,175.6,179.7
"1980M10",37.9,NA,36.8,1.71,4.22,5.7,207,202.5,106.5,140.4,142.9,418.9,187,188.1
"1980M11",40.8,NA,39.8,1.76,4.22,5.7,207,214,106.5,146.6,148.4,439.4,193.3,195.1
"1980M12",40.2,NA,39.3,1.74,4.22,5.7,207,214,106.5,141.5,142.4,446.4,177.1,182.6
"1981M01",40.3,NA,39.3,1.77,4.6,6.03,207,227.5,115,148.8,146.7,446.4,177.5,189.6
"1981M02",38.7,NA,37.1,1.81,4.6,6.03,242.5,226,115,143.3,142.7,456.3,176.4,181.5
"1981M03",38.3,NA,36.8,1.86,4.6,6.03,242.5,207.5,115,142.1,141,480.6,167.9,175.3
"1981M04",37.2,NA,35.5,1.93,4.6,6.03,135,193,70,145.5,140.6,490.6,172.1,180.4
"1981M05",35.2,NA,33.4,1.95,4.6,6.03,215,195.5,115,141.3,139.8,494.4,142.9,171.6
"1981M06",33.3,NA,32.2,1.95,4.6,6.03,215,190,115,136.1,127,510.3,132.8,168.7
"1981M07",35.1,NA,32,2.01,4.6,6.03,180,177.5,116.5,137.6,123.6,498.5,138.6,167.9
"1981M08",35.8,NA,32.2,2.02,4.6,6.03,160,179.5,116.5,127.1,116,473.9,140.3,170.1
"1981M09",35.9,NA,32.1,2.08,4.6,6.03,160,130,116.5,115.5,109.1,463.1,147.1,171.2
"1981M10",36.5,NA,32.7,2.11,4.6,6.03,160,122.5,116.5,112.7,105.9,431.7,149.7,168.7
"1981M11",37.1,NA,34.2,2.15,4.6,6.03,136.5,145,116.5,111.8,112.1,405.2,156.8,178.6
"1981M12",36.7,NA,34.1,2.16,4.6,6.03,136.5,137.5,94.5,107.6,111.9,356.9,153,176
"1982M01",35.8,35.3,34,2.23,4.45,6.05,112.5,135,94.5,115.4,116,321.2,148.4,173.1
"1982M02",31.6,34.8,30.4,2.3,4.45,6.05,130,190,94.5,112.6,112.7,302.8,153.7,170.9
"1982M03",29.3,32.6,28.6,2.35,4.45,6.05,130,190,94.5,114.2,112,305.3,141.8,168.7
"1982M04",33.1,30.7,30.9,2.4,4.45,6.05,122.5,168.5,94.5,117.8,114.6,291.3,148.6,169.8
"1982M05",35.2,30.6,33.3,2.45,4.45,6.05,122.5,166,90,118.1,116.7,278.5,128.3,167.6
"1982M06",34.6,31.1,32.7,2.45,4.45,6.05,122.5,167,75,115,110.5,270.7,125.7,155.8
"1982M07",33.7,33.4,31.7,2.47,4.45,6.05,122.5,168,77.5,115,102.7,261.8,127.5,151.8
"1982M08",32.8,33.2,31.2,2.53,4.45,6.05,125,165.5,77.5,102.3,100.3,266.7,123.8,152.5
"1982M09",34.3,33.1,33,2.56,4.45,6.05,125,167,77,100.9,97.1,252,120.5,152.9
"1982M10",35,33,33.4,2.6,4.45,6.05,127.5,163.5,79,91.7,97.9,235.1,112.9,146.6
"1982M11",33.8,33,31.8,2.62,4.45,6.05,127.5,160.5,72.5,102.9,110.2,238.3,131.6,155.1
"1982M12",31.8,32.6,30.1,2.62,4.45,6.05,120,158.5,72.5,105.5,111.6,246.1,127.9,159.8
"1983M01",30.9,31.1,30,2.66,4.05,5.55,124.5,150.5,75,107.8,114.6,240,131.2,165
"1983M02",29.1,29.2,29,2.66,4.05,5.55,124.5,164,75.5,117.3,121,249.6,133.4,164.2
"1983M03",28.2,28.7,28.1,2.58,4.05,5.55,120,179.5,75.5,125.2,124.3,261.8,133,166.1
"1983M04",29.8,30.6,28.7,2.53,4.05,5.55,109,180.5,75.5,133.4,132.1,261.8,137.1,167.2
"1983M05",29.6,30,28.5,2.53,4.05,5.55,101.5,171.5,75.5,133.9,133.4,259.9,135.7,160.2
"1983M06",30.2,31,28.8,2.59,4.05,5.55,120,158.5,73,135,127.4,249.1,132.3,151.8
"1983M07",30.8,31.6,29,2.52,4.05,5.55,109,157.5,73,140.6,125.1,241.5,135.3,147.3
"1983M08",31.1,32,28.9,2.58,4.05,5.55,110.5,154.5,73,152.8,136.3,255,145.1,152.5
"1983M09",30.4,31.3,28.6,2.67,4.05,5.55,110.5,160,73,147.8,135.5,278.3,141.8,156.5
"1983M10",29.9,30.4,28.6,2.58,4.05,5.55,114,174,73,148.2,132.1,269.7,141.5,152.9
"1983M11",29.2,30,28.3,2.6,4.05,5.55,115.5,188.5,75.5,147,132.3,264.2,139.6,151.8
"1983M12",29,29.2,28.3,2.61,4.05,5.55,115.5,190,75.5,143.3,130.9,251,141.7,153.6
"1984M01",29.6,29.8,27.7,2.67,3.76,5.24,116.5,191.5,82.5,141.9,129.5,237.8,140,152.9
"1984M02",29.9,30.1,27.6,2.71,3.76,5.24,118,204,82.5,137,125.7,227.9,133.3,150.7
"1984M03",30.1,30.7,27.8,2.67,3.76,5.24,141,201,82.5,147.1,130.8,234.1,142.7,154
"1984M04",30.1,30.6,28,2.64,3.76,5.24,127.5,198.5,81,148,129.5,235.3,148.1,157.3
"1984M05",29.9,30.5,28,2.67,3.76,5.24,147.5,171.5,81,146.1,131.9,234.3,144.3,154
"1984M06",29.2,30,27.9,2.7,3.76,5.24,155,156,81,147,128.3,235.3,136.3,149.9
"1984M07",27.9,28.8,27.3,2.68,3.76,5.24,162.5,163.5,86.5,142.6,111.4,248.8,133.7,147
"1984M08",28.1,29.2,27.2,2.69,3.76,5.24,165,170.5,86.5,138.8,107.2,252,137.5,152.5
"1984M09",28.4,29.3,27.4,2.62,3.76,5.24,165,168,86.5,130.4,104.8,236.5,140.8,155.1
"1984M10",27.8,28.6,27.1,2.63,3.76,5.24,172,166,86.5,121.2,101.3,231.6,141.3,152.9
"1984M11",27.7,28.2,27.1,2.61,3.76,5.24,166,160.5,86.5,117.4,106.7,211.7,143.5,152.5
"1984M12",27,26.7,26.8,2.57,3.76,5.24,166,156.5,86.5,114,111.1,204.6,141.4,149.6
"1985M01",27,25.7,27.3,2.64,3.65,5.23,168.5,158.5,86.5,119,114.7,206.8,147.6,149.2
"1985M02",28.2,27.4,27.3,2.71,3.65,5.23,168.5,156,87,119.8,112.6,200.9,140.5,147.3
"1985M03",28.1,28.3,27.2,2.62,3.65,5.23,105,179.5,75.5,120.2,117.3,200,140.9,145.1
"1985M04",27.9,28.9,26.7,2.64,3.65,5.23,107.5,179.5,75.5,120.1,118.4,202.9,139.1,143.7
"1985M05",26.7,27.7,25.7,2.53,3.65,5.23,127.5,154,87,116.7,115.2,202.9,122.7,136.3
"1985M06",26.5,27.2,25.5,2.58,3.65,5.23,112.5,151.5,87,116,105.3,202.9,123.2,134.1
"1985M07",26.6,26.9,25.7,2.51,3.65,5.23,109.5,151,87,114.9,99,191.1,117.8,128.6
"1985M08",27.2,27.6,26.3,2.47,3.65,5.23,97.5,155.5,87,105.5,89.1,191.1,111.8,123.1
"1985M09",27.2,27.7,26.2,2.42,3.65,5.23,87.5,154,81.5,101.9,81.6,191.1,111.2,125.3
"1985M10",27.9,28.9,26.7,2.37,3.65,5.23,80.5,151,81.5,98.6,87.6,191.1,121,127.5
"1985M11",29.1,29.9,26.9,2.36,3.65,5.23,87.5,149,81.5,106.2,95.7,191.1,131.7,132.6
"1985M12",25.9,27.4,26.3,2.28,3.65,5.23,87.5,146.5,81.5,107.9,99.6,191.1,136.6,137.1
"1986M01",25.8,22.9,25.4,2.28,3.65,4.1,82.5,145.5,81.5,107.8,98.3,220.6,135.4,132.3
"1986M02",17.6,15.4,14.8,2.26,3.65,4.1,77,143,80,103.2,95.2,212,136.1,129.7
"1986M03",13.9,12.7,11.5,2.16,3.65,4.1,77,148,80,100.9,94.5,197.3,139.5,134.5
"1986M04",12.5,12.9,10.3,2.1,3.65,4.1,72.5,149,75,101.3,98.7,186.2,139.7,132.6
"1986M05",14.2,15.5,11.5,1.96,3.65,4.1,72.5,148,75,105.6,106,181.3,119.2,119.4
"1986M06",11.9,13.5,10.2,1.85,3.65,4.1,72.5,140.5,75,103.5,85.8,181.3,99.6,105.8
"1986M07",9.5,11.6,7.9,1.8,3.65,4.1,67.5,135.5,72.5,83,73.4,181.3,100.1,101.8
"1986M08",13.7,15.3,12.2,1.77,3.65,4.1,71,135.5,72.5,72.3,62.5,185.8,100.3,102.2
"1986M09",14.2,15,13.1,1.78,3.65,4.1,65,129.5,66.5,65.7,64.5,173.5,102.3,103.6
"1986M10",13.8,14.9,13.2,1.73,3.65,4.1,62.5,134.5,66.5,65.3,69,174.8,114.8,104.7
"1986M11",14.6,15.3,13.6,1.77,3.65,4.1,64.5,127,65.5,72.4,72.4,174,118.1,105.1
"1986M12",15.9,16.3,14.9,1.76,3.65,4.1,64.5,122,65.5,69.6,68.7,167,115.7,107.3
"1987M01",18.4,18.6,17.2,1.74,2.59,3.35,64,140,63,67.9,68.2,172,117.4,109.1
"1987M02",17.3,17.8,16.7,1.73,2.59,3.35,68,161,61.5,66.1,67.7,186,115.7,112.1
"1987M03",17.9,18.5,16.9,1.73,2.59,3.35,70.5,165,61.5,71.6,73.8,198.3,116.5,115.4
"1987M04",18.1,18.7,17,1.69,2.59,3.35,77.5,157.5,61.5,74.9,72.1,199.4,113.1,113.2
"1987M05",18.8,19.4,17.1,1.65,2.59,3.35,87.5,151.5,61.5,81.8,77.7,197.5,115.8,119.1
"1987M06",18.9,20.1,17.3,1.65,2.59,3.35,87.5,149,61.5,80.7,76.4,192.8,102.2,108.8
"1987M07",19.8,21.3,17.8,1.66,2.59,3.35,87.5,159.5,70,76.4,72.2,190.8,100.6,104.7
"1987M08",19,20.2,17.3,1.63,2.59,3.35,85,167,70,71.7,67.2,204,101.7,106.9
"1987M09",18.4,19.5,17,1.56,2.59,3.35,85,167.5,70,73.6,68.7,258,110.1,112.1
"1987M10",18.8,19.9,17.1,1.57,2.59,3.35,92.5,163,73,78.9,74.1,266.8,113.5,113.9
"1987M11",17.8,18.9,16.6,1.64,2.59,3.35,92.5,165,73,81.7,78.1,254.3,113.7,115
"1987M12",17.1,17.3,15.5,1.7,2.59,3.35,92.5,174,81,83.2,77,255.6,124.9,124.6
"1988M01",16.9,17.2,15.4,1.96,2.36,3.34,92.5,189,82,85.9,80.5,291.5,126.2,128.6
"1988M02",15.8,16.8,15.1,1.84,2.36,3.34,97.5,194.5,83,88,84.1,306.3,125.3,131.5
"1988M03",14.8,16.2,13.4,1.7,2.36,3.34,105,189,83,90.2,84.8,294,118.2,124.9
"1988M04",16.6,17.9,15,1.59,2.36,3.34,97.5,194.5,83,89.5,81.7,288,122.9,126.8
"1988M05",16.4,17.4,14.9,1.52,2.36,3.34,110,175.5,84.5,89.3,81.4,257,124.4,129
"1988M06",15.6,16.7,13.8,1.53,2.36,3.34,110,166.5,84.5,120.3,114.6,271.5,139.6,149.9
"1988M07",14.9,15.5,13.1,1.56,2.36,3.34,110,177,84.5,125.5,116.9,271.8,138.9,149.6
"1988M08",15,15.6,13.2,1.62,2.36,3.34,130,176.5,93,119.9,109.8,271.6,145.9,149.9
"1988M09",13.3,14.5,11.6,1.53,2.36,3.34,130,173.5,90,121.4,109.8,273.3,153.3,159.5
"1988M10",12.5,13.8,10.3,1.68,2.36,3.34,130,174.5,91.5,121.4,108.7,273,162.9,162
"1988M11",13,14,10.6,1.76,2.36,3.34,130,173,91.5,114.4,101,271.8,162.3,163.9
"1988M12",15.2,16.3,12.5,1.89,2.36,3.34,120,178.5,91.5,116.9,108.3,260,168.9,166.8
"1989M01",17,18,14.5,1.78,2.09,3.28,120,181,91.5,118.2,110.1,264.8,172.6,173.8
"1989M02",16.7,17.8,14.6,1.71,2.09,3.28,120,178.5,101.5,117.4,110.1,269.3,164.2,172
"1989M03",18.7,19.5,16,1.49,2.09,3.28,120,176.5,100.5,118.4,110.1,278.5,168.6,178.2
"1989M04",19.8,21,16.9,1.53,2.09,3.28,113.5,167.5,98.5,115.7,108.2,293,161.4,174.5
"1989M05",18.4,20.1,15.7,1.66,2.09,3.28,113.5,152.5,98.5,117.6,111.6,310.3,162.6,176.4
"1989M06",17.5,20,15.4,1.7,2.09,3.28,113.5,142.5,98.5,113,104.6,327.2,151.9,168.7
"1989M07",17.8,19.8,15.5,1.64,2.09,3.28,113.5,137.5,98.5,108.7,103,350.5,152.4,166.8
"1989M08",17.1,18.6,15,1.58,2.09,3.28,82.5,144,98.5,100.9,100.1,332.2,153.4,164.2
"1989M09",17.8,19.6,15.6,1.53,2.09,3.28,82.5,156,98.5,103.4,102.9,319.8,157.3,163.5
"1989M10",19,20.1,16.2,1.6,2.09,3.28,72.5,148,98.5,107.3,102.7,304,160.5,164.6
"1989M11",19.2,19.8,16.2,1.9,2.09,3.28,86,142,98.5,108.5,103.8,268.5,163.9,163.5
"1989M12",19.9,21.1,17.1,2.24,2.09,3.28,98,137.5,98.5,109.2,104.2,272,166.5,164.6
"1990M01",21,22.7,17.5,2.39,2.82,3.64,104.5,138.5,98.5,105.6,101.9,276.2,163,167.9
"1990M02",19.9,22.1,16.8,1.9,2.82,3.64,106.3,139.8,98.5,106.1,100.8,300,155.5,160.9
"1990M03",18.5,20.4,15.8,1.55,2.82,3.64,111,146,97.4,109.7,103.4,289.3,153.3,156.5
"1990M04",16.8,18.6,14.3,1.49,2.82,3.64,111,155.2,93.2,118.8,109.9,275.8,150.7,159.5
"1990M05",16.7,18.5,14.6,1.47,2.82,3.64,107,149.1,93.5,121,111,260,133.5,149.2
"1990M06",15.7,16.9,13.3,1.47,2.82,3.64,107,152.8,93.5,120.9,111,255,130.5,135.6
"1990M07",17.6,18.7,15.3,1.41,2.82,3.64,107,160.7,93.5,114.9,109.2,256.4,119.6,124.9
"1990M08",27.1,27.2,25,1.36,2.82,3.64,114.9,160.5,93.5,110.1,104.8,259.5,115.1,116.8
"1990M09",34.1,33.7,30.3,1.44,2.82,3.64,90.6,165.9,93.5,101.5,98.3,260.8,108.5,114.3
"1990M10",36.1,35.9,31.6,1.69,2.82,3.64,136.5,165.7,93.5,100.3,97.8,281.4,104.8,114.6
"1990M11",33,32.3,28,2.1,2.82,3.64,144.5,163.4,93.5,100.4,98.2,272.3,106.4,112.8
"1990M12",28,27.2,23.3,2.11,2.82,3.64,147.5,158.6,93.5,102,101,263.8,108.4,113.2
"1991M01",23.7,24.7,19.4,1.67,3.44,3.99,151,157.4,93.5,105.7,105.1,303.4,107.1,111.3
"1991M02",19.4,20.6,14.5,1.36,3.41,3.99,151,160.6,95.6,106.1,106.4,327.3,106.4,113.9
"1991M03",19.5,19.9,14.9,1.34,3.33,3.99,145,163.6,95.6,109.5,109.9,311.5,116.2,119.4
"1991M04",19.3,20.8,15.4,1.33,3.47,3.99,143.5,166,108,110.3,109,285.8,117.1,120.9
"1991M05",19.3,21.3,15.9,1.31,3.37,3.99,138.5,165.3,112,105.7,102,288.3,115.6,122
"1991M06",18.2,20.2,15.4,1.2,3.29,3.99,135.5,159.3,112,104.2,98,293.3,118.2,120.2
"1991M07",19.5,21.5,16.3,1.19,3,3.99,132.5,163.5,110.4,105.1,99.4,303.4,116.2,118.3
"1991M08",19.8,21.7,16.7,1.31,2.98,3.99,132.5,161.9,110,110.4,105.5,298.3,127.1,125.3
"1991M09",20.5,21.9,17.8,1.63,2.97,3.99,132.5,159.5,110,108.9,106.2,291.5,137.6,135.2
"1991M10",22.2,23.3,19,1.77,2.71,3.99,132.5,155,110,109.7,107,276.6,147.2,147
"1991M11",21.3,22.6,18.5,1.81,2.7,3.99,134.4,143.5,110,106.5,105.5,271.8,147,149.6
"1991M12",18.4,19.6,15.3,1.92,2.7,3.99,131.9,143.5,110,106.9,107.4,268.4,157.8,160.9
"1992M01",18.2,18.8,15.2,1.28,2.57,3.6,122.5,145.3,110,109.3,111.6,277.3,167.3,170.1
"1992M02",18.1,19,15.8,1.21,2.5,3.51,120.6,147.9,110,113.6,116.7,278.3,170.1,177.1
"1992M03",17.6,19,15.8,1.28,2.58,3.59,120,144.8,110,117,120.2,277.2,161.4,169.4
"1992M04",19,20.3,16.7,1.47,2.47,3.53,120,142.8,110,108.5,109.4,278,153.1,159.8
"1992M05",19.9,21,17.6,1.59,2.49,3.47,120,140.5,110,109.6,108,274,139.7,149.6
"1992M06",21.2,22.4,19,1.56,2.5,3.49,120,143.5,110,110.9,104.7,268.8,140.4,148.8
"1992M07",20.3,21.8,18.5,1.75,2.55,3.61,120,146,110,102.8,95.9,278.5,129.9,136.3
"1992M08",19.8,21.3,17.8,1.97,2.56,3.65,120,131.4,113.6,97,93.7,270.8,118.8,128.2
"1992M09",20.3,21.9,18.3,2.33,2.57,3.63,120,131.3,114.5,98.1,93.8,257,131.5,138.9
"1992M10",20.3,21.7,18.3,2.42,2.63,3.7,116.9,130.1,114.5,95.1,91,250,137.4,140.7
"1992M11",19.2,20.4,17.1,2.24,2.64,3.65,107.5,126.4,114.5,94.5,92.4,252.6,145.8,147.7
"1992M12",18.2,19.4,16.3,2.16,2.64,3.71,103.8,124.6,114,94.6,95.8,256.3,146.3,147.7
"1993M01",17.4,19.1,15.2,1.88,2.76,3.64,102.5,123.8,113,94.2,95.2,259.8,156.9,155.8
"1993M02",18.5,20.1,16,1.69,2.74,3.61,102.5,120.3,112.5,94.4,94.5,254.3,149.4,148.8
"1993M03",18.8,20.4,16.3,2.18,2.75,3.59,86.2,115.1,112.5,97.1,95.4,230.2,145.5,148.1
"1993M04",18.7,20.3,16.4,2.35,2.68,3.62,81,112.8,112.5,100.6,95.1,206.3,156.3,141.8
"1993M05",18.5,20,16,2.17,2.68,3.57,81,115.1,112.5,98.6,93.2,184.8,140.1,136.7
"1993M06",17.7,19.2,15.6,1.97,2.68,3.54,81,113.9,112.5,92.8,88.5,189,112.3,122
"1993M07",16.8,17.9,14.3,2.06,2.66,3.54,81,112.9,112.5,101.3,96.2,200.8,116.8,127.5
"1993M08",16.7,18,14.8,2.26,2.65,3.49,81,113.1,112.5,100.3,98.5,209,119.6,129.7
"1993M09",16,17.5,14.2,2.27,2.62,3.48,81,116.9,112.5,100.9,97.2,206,115.7,131.2
"1993M10",16.6,18.2,14.8,2.02,2.62,3.39,81,129.5,112.5,106.5,100.9,256.8,127.9,136
"1993M11",15.2,16.8,13.7,2.26,2.62,3.36,82.8,140.4,112.5,116.7,113.8,307.8,136.4,146.6
"1993M12",13.6,15.6,12.2,2.34,2.6,3.25,85.5,150.4,112.5,121.8,119.9,320.5,140.5,158.7
"1994M01",14.3,15,13.2,2.34,2.47,3.12,85.5,150,112.5,127.2,121.9,356,152.7,153.2
"1994M02",13.8,14.8,12.8,2.71,2.36,3.19,85.5,151.8,112.5,123.2,119.2,343.8,144.2,147
"1994M03",14,14.7,12.3,2.21,2.36,3.15,98.6,155.9,112.5,119.4,114.3,269.8,133.5,141.1
"1994M04",15.2,16.3,13.8,2.04,2.36,3.07,103.5,162.3,112.5,113.2,107.8,269.3,130,140.4
"1994M05",16.2,17.9,14.8,1.92,2.36,3.06,103.5,159.2,112.5,109.6,106.2,233,125.3,140
"1994M06",16.8,19.1,15.7,1.9,2.36,3.1,103.5,157.6,112.5,112.2,105.7,213.8,120.2,139.3
"1994M07",17.6,19.7,16.4,1.96,2.42,3.14,106.5,158.6,112.5,97.8,93.8,226.3,119.5,137.4
"1994M08",16.8,18.4,15.9,1.66,2.46,3.24,88,161.1,112.5,96,95,252.6,128.2,145.9
"1994M09",15.9,17.5,15.3,1.49,2.48,3.28,88,164,112.5,97.5,91.8,259.8,142.1,158.7
"1994M10",16.4,17.7,15.4,1.51,2.56,3.26,88,167.1,112.5,96.5,92.4,262,157.4,167.2
"1994M11",17.2,18.1,16,1.58,2.57,3.26,88,165.9,112.5,95.5,97.7,264.5,152.4,162
"1994M12",16,17.2,14.7,1.72,2.56,3.29,88,171.7,112.5,102.5,100.6,260.5,157.3,164.6
"1995M01",16.6,18,16.1,1.51,2.66,3.36,159.6,188.2,112.5,107,101.7,276.8,153,156.2
"1995M02",17.1,18.5,16.6,1.58,2.66,3.4,177.5,198.6,112.5,106.7,102.1,280.5,149.7,154.3
"1995M03",17,18.5,16.5,1.54,2.65,3.46,191.3,205.6,112.5,109.7,102.7,286.3,143.1,150.3
"1995M04",18.7,19.9,17.4,1.62,2.71,3.45,205,204.5,112.5,109.3,103.3,281.5,140.7,148.8
"1995M05",18.4,19.6,17.3,1.64,2.71,3.53,159,197.8,112.5,112,108.1,291,143.3,158.7
"1995M06",17.4,18.5,16.2,1.62,2.73,3.56,90,185.6,112.5,119.9,112.8,326,153.5,170.1
"1995M07",15.9,17.4,15,1.44,2.8,3.48,90,180.8,112.5,127,119.1,345.6,173.4,190.7
"1995M08",16.1,18,15.4,1.56,2.8,3.46,90,185.3,112.5,126.4,118.7,339.5,168.5,184.5
"1995M09",16.8,18,15.7,1.64,2.78,3.46,90,192,112.5,130.5,127.3,359.8,185.6,193.6
"1995M10",16.1,17.3,14.9,1.77,2.75,3.45,90,204.8,112.5,140.9,137.1,382.6,194,203.7
"1995M11",16.9,17.8,15.6,2.04,2.75,3.41,90,224.9,112.5,144,141.8,340.5,198.3,203.9
"1995M12",18,18.8,16.8,2.71,2.73,3.37,90,229.2,112.5,148.7,153,341.5,205.3,208.9
"1996M01",17.9,18.9,16.6,2.93,2.75,3.43,90,226.3,112.5,156.1,154.3,369.2,197,206.9
"1996M02",18,19.1,16.1,4.4,2.77,3.48,90,225.9,112.5,164.8,159.8,368,204,218.9
"1996M03",20,21.2,17.1,2.95,2.67,3.47,90,221,112.5,184.9,165.8,359.5,205.5,215.3
"1996M04",21,23.2,17.8,2.23,3.1,3.56,160.4,210.8,112.5,190.4,188.7,327.2,247.5,257.6
"1996M05",19.1,21.1,17,2.24,2.81,3.6,169.5,186.1,112.5,204,185.8,332.3,213.4,262.1
"1996M06",18.3,20.3,17,2.49,2.81,3.6,172.1,182.1,112.5,197.6,174.9,341.5,180.6,227.3
"1996M07",19.6,21.4,17.8,2.48,2.78,3.61,184.5,188,112.5,197.8,163.6,358,181.1,202.6
"1996M08",20.6,22,18.8,2.03,2.79,3.68,187,189.9,112.5,185.5,152.5,335.5,175,191.6
"1996M09",22.6,23.9,20.3,1.84,2.79,3.68,181.4,186.7,112.5,145.4,130.4,328.4,169.7,178.7
"1996M10",24.2,24.9,21.7,2.37,2.94,3.79,172.3,183.8,112.5,127.9,113.3,312.8,158.4,178
"1996M11",22.6,23.7,20.9,3.03,2.96,4.03,172.6,188.3,112.5,117.7,105.6,315,158.2,176.4
"1996M12",23.9,25.3,21.7,3.82,2.96,4.08,174.5,188.5,112.5,117.7,105.8,319.2,158.6,175.7
"1997M01",23.5,24.9,21.3,3.31,2.89,4.13,173.5,188,112.5,118.4,105.7,356,154,175.7
"1997M02",20.8,21.8,18.6,2.22,2.89,4.22,160.4,187.4,112.5,121.7,111.2,347,143.6,172.4
"1997M03",19.2,20.7,18.1,1.89,2.83,4.25,148,187.4,112.5,127.6,119.7,323.4,153.8,176.6
"1997M04",17.5,19.4,16.8,2.03,2.77,4.07,135,188.5,112.5,124.4,118,304.5,158.6,183.5
"1997M05",19.1,20.5,18.5,2.24,2.74,4.03,113.1,188.5,112.5,118.8,114.2,324.5,152.7,172.6
"1997M06",17.6,18.9,17.3,2.2,2.76,4.03,108.5,187,112.5,112.1,104.3,323.2,131.6,148.4
"1997M07",18.4,19.3,17.3,2.19,2.67,3.89,112.5,186.9,112.5,106.1,96.2,320,127.8,136.2
"1997M08",18.7,19.6,17.8,2.47,2.67,3.69,102.5,186.6,112.5,112.9,104.1,285,140.9,150.6
"1997M09",18.5,19.6,18,2.84,2.7,3.69,88.3,186.6,112.5,112.2,106.8,270.6,143.2,151.7
"1997M10",19.9,21.2,19.1,3.04,2.63,3.62,87.5,186,112.5,120.4,112.8,265.8,143.7,151.6
"1997M11",19,19.9,18.4,3.02,2.66,3.68,90.6,185.5,112.5,117.2,112.3,252.5,138.2,149.9
"1997M12",17,18.1,16.2,2.33,2.65,3.6,90,185.5,112.5,113.5,110.2,269.7,135.7,144.6
"1998M01",15.1,16.5,13.4,2.1,2.65,3.54,86.3,184,112.5,114.7,111.4,288,130.2,137.1
"1998M02",14.1,15.8,12.4,2.22,2.63,3.43,77.5,183.5,112.5,113.4,111.7,297.3,127.3,140.1
"1998M03",13.1,14.8,11.5,2.23,2.61,3.44,84.5,183.5,112.5,114.2,110.5,296,129.9,138.9
"1998M04",13.4,15.3,11.8,2.42,2.54,3.19,100,185,112.5,107.1,103.9,311.5,118.3,130.2
"1998M05",14.4,14.9,12.8,2.14,2.51,3,95,186.5,112.5,106.1,100.8,318.3,112.3,128.9
"1998M06",12.1,13.7,11.7,2.17,2.5,3,88.4,189.2,112.5,104.2,96.5,325.5,107.2,120.6
"1998M07",12,14.1,12,2.17,2.4,2.84,86,190.5,112.5,100.5,95.4,324.3,96.8,118.9
"1998M08",11.9,13.4,12.2,1.85,2.37,2.79,85.5,190.5,112.5,87.9,91,321.4,92.9,108
"1998M09",13.4,15,13.1,2.01,2.33,2.74,83.6,190.5,112.5,86.3,85,321.3,96.3,107.9
"1998M10",12.6,14.4,12.8,1.89,2.17,2.76,75.6,189.6,112.5,95.5,87.7,298.8,107.6,126.5
"1998M11",10.9,13,11.8,2.1,2.15,2.78,70.7,186.7,112.5,98.1,92.2,270,115.3,130.2
"1998M12",9.8,11.3,10.1,1.74,2.13,2.72,65.5,182.8,112.5,95.8,90.2,277.8,104.1,126.2
"1999M01",11.1,12.5,10.8,1.86,2.02,2.77,64.5,181.8,112.5,97.4,91.1,299.8,103.2,125.3
"1999M02",10.2,12,10.1,1.77,2.01,2.78,64,181.6,112.5,94.2,90.1,280,95,117
"1999M03",12.5,14.7,12.4,1.79,1.95,2.78,75.5,181.8,112.5,96.2,91.4,256.2,100.2,117.3
"1999M04",15.3,17.3,15,2.15,1.87,2.76,64.5,180.5,112.5,94.1,89.5,235.5,99.7,113.9
"1999M05",15.1,17.8,15.3,2.25,1.89,2.88,64.9,180.5,112.5,92.5,87.2,244.3,96.6,113
"1999M06",15.8,17.9,15.5,2.3,1.91,2.93,63.8,180.5,112.5,93.7,86,253.8,92.9,111.4
"1999M07",19,20.1,17.9,2.31,2,2.99,62.8,177,112.5,84,76.9,259,85.3,103
"1999M08",20.2,21.3,19.3,2.79,2.08,3.17,65.7,172.4,112.5,85.7,81.6,244.5,92.8,111.3
"1999M09",22.4,23.9,21.8,2.54,2.2,3.35,67.5,164.4,112.5,86.5,80,229.3,102.1,113.2
"1999M10",22,22.6,21.3,2.72,2.47,3.57,65.4,157,112.5,85.8,78.4,217,98.7,108.1
"1999M11",24.6,24.9,23.1,2.36,2.51,3.73,66,148.3,112.5,85.4,79.4,228,96.9,108.8
"1999M12",25.6,26.1,23.6,2.36,2.66,3.94,66.8,147.5,112.5,87.2,81,233.8,92.1,102.2
"2000M01",25.4,27.3,23.3,2.42,3.36,4.15,77.4,147.2,112.5,93.3,89.3,241.4,98.6,105.8
"2000M02",27.7,29.3,24.7,2.65,3.46,4.21,90.1,144.5,112.5,95.2,89.9,241,100.1,107.9
"2000M03",27.5,29.9,25.1,2.79,3.51,4.46,88.8,143,112.5,95.1,91.7,225.8,97.2,105.7
"2000M04",22.5,25.8,22,3.03,3.68,4.64,83.3,143,112.5,95.2,90.6,214.8,95.2,105.1
"2000M05",27.3,28.8,25.4,3.58,3.55,4.53,91,143,112.5,96.4,95,198.6,104.3,112.1
"2000M06",29.7,31.9,27.3,4.28,3.6,4.74,105.1,142,112.5,84.3,79.8,196,99.3,113.5
"2000M07",28.5,30,26,3.96,3.96,4.86,121.7,140.3,112.5,75.3,73.7,189,91.2,109
"2000M08",29.4,31.3,27.1,4.41,4.01,4.84,133.4,148.6,112.5,75.6,76.8,186.5,90.9,108.4
"2000M09",32.6,33.9,29.7,5.06,4.03,4.9,113.9,157.5,112.5,80.4,82.7,179,97.9,117.5
"2000M10",30.9,33,30.2,5.02,4.31,5.04,111.1,155.9,112.5,85,89.9,187.5,104.3,128.2
"2000M11",32.5,34.4,30.1,5.55,4.39,5.13,99.4,153.5,112.5,89.2,96.1,185,103.2,127.7
"2000M12",25.1,28.4,22.1,8.95,4.44,5.05,96,153.5,112.5,97.6,100.5,184.3,105,128.1
"2001M01",25.6,29.6,22.7,8.17,4.65,4.88,121,154.5,112.5,95.2,101.1,184.4,110.4,132.8
"2001M02",27.4,29.6,24.7,5.63,4.59,4.8,105.3,159,112.5,92,97.7,184.5,106.7,128.1
"2001M03",24.4,27.2,23.4,5.16,4.57,4.87,98.9,159.1,112.5,90.3,95.6,175,103.5,130.2
"2001M04",25.6,27.4,24.1,5.17,4.48,4.73,95.3,151.3,112.5,88,94.3,163.8,101.1,129.7
"2001M05",28.5,28.6,25.6,4.21,4.36,4.66,85,142,112.5,84.1,94.8,164.3,102.6,134.9
"2001M06",27.7,27.6,25.6,3.71,4.33,4.69,87.5,133.1,112.5,83.3,89.5,168,97.4,127.2
"2001M07",24.5,26.4,23.4,3.1,3.75,4.66,87.5,135,112.5,91.7,94.5,169.4,108,123.8
"2001M08",25.7,27.4,24.3,2.95,3.79,4.54,88.8,135,112.5,93.1,95.1,168.3,105.9,121.9
"2001M09",25.5,26.1,24,2.15,3.79,4.54,94.5,135,112.5,90.1,94.6,173,107.6,122
"2001M10",20.5,22.2,19.5,2.45,3.52,4.59,96.1,135.9,112.5,86.6,95,170.6,115,123.3
"2001M11",18.9,19.6,17.5,2.36,3.46,4.38,96.5,140.5,112.5,89.5,94.7,173.5,116.4,125.3
"2001M12",18.6,19.3,17.6,2.41,3.4,4.27,101.2,141.7,112.5,91.9,95.9,179.3,118.2,122.4
"2002M01",19.5,19.7,18.3,2.25,3.06,4.21,104.1,146,112.5,92,95.4,191.8,121.7,125.3
"2002M02",20.3,20.7,18.9,2.31,3.03,4.12,99.6,150.3,112.5,90.8,92.9,195.3,113.4,123.3
"2002M03",23.7,24.4,22.9,3.03,2.97,3.99,90.3,149.8,112.5,89.6,91.7,189,116.6,122.5
"2002M04",25.7,26.2,24.4,3.42,2.81,3.96,84.7,147.8,112.5,87.1,88.9,190.2,113,123.7
"2002M05",25.4,27,24.6,3.49,2.83,4.01,85.5,143.9,112.5,90.3,89.8,197.5,110.9,121.5
"2002M06",24.1,25.5,23.8,3.22,2.9,4.06,92.8,149.5,112.5,94.1,88.7,202.7,115.4,132
"2002M07",25.8,26.9,24.6,2.98,2.95,4.56,94.2,160.5,112.5,98.7,100.8,199.6,123.5,149.3
"2002M08",26.6,28.4,25.3,3.09,3.01,4.35,105,162.5,112.5,108.9,113.8,190.3,130.1,161.3
"2002M09",28.3,29.7,26.8,3.57,3.08,4.46,93,160.9,112.5,114.1,117,186.6,151.8,187.8
"2002M10",27.5,28.9,26.2,4.12,3.28,4.54,92.3,156.3,112.5,109.7,113.6,186.3,156.8,190.3
"2002M11",24.2,26.3,23.2,4.04,3.34,4.56,92.3,151.5,112.5,108.9,115.1,186.8,160,177.4
"2002M12",28.5,29.4,25.7,4.74,3.36,4.56,99.4,147.5,112.5,107,113.3,186.5,146.2,162.5
"2003M01",31.2,32.9,28.1,5.41,3.61,4.69,112,149.8,112.5,106.1,110.8,200.8,137.5,149.6
"2003M02",32.6,35.8,30.2,7.77,3.67,4.8,132.1,155.3,112.5,105.9,109.2,198.8,140.8,150.8
"2003M03",30.3,33.3,27.4,5.95,3.74,4.78,138.9,177.2,112.5,105.6,106.8,197,129.4,141.8
"2003M04",25,28.2,23.4,5.29,4.03,4.78,118.6,181.5,112.5,105.5,106.8,195,125.8,138.6
"2003M05",25.8,28.1,24.3,5.84,4.04,4.74,128.1,178.4,112.5,107.5,105,198,129.2,142
"2003M06",27.5,30.7,25.5,5.77,4.05,4.77,133.9,171.3,112.5,107.3,97.6,203.4,126.3,131.4
"2003M07",28.4,30.7,26.6,5.01,4.04,4.75,142.8,176.4,112.5,96.8,89.8,198.5,129,131.6
"2003M08",29.8,31.6,27.6,4.97,3.98,4.67,141.5,175.6,112.5,100.7,104.1,195,144.2,148.7
"2003M09",27.1,28.3,25.3,4.61,3.97,4.7,146.8,171.3,112.5,104.1,109.1,197.6,138.4,145.6
"2003M10",29.6,30.3,27.1,4.64,3.88,4.62,150.6,166.4,112.5,105.4,108.3,195.8,142.8,147.5
"2003M11",28.8,31.1,27.5,4.53,3.9,4.72,153.5,169.4,112.5,108.5,114.2,193.4,160.9,160.5
"2003M12",29.9,32.1,27.9,6.13,3.97,4.75,159.4,187.5,112.5,111.2,116.8,198.3,158.8,165.6
"2004M01",31.2,34.2,28.7,6.09,3.87,4.75,160.3,204.3,112.5,115.5,121.7,212.8,155.9,166.3
"2004M02",30.9,34.7,28.4,5.38,3.89,4.81,134.5,211.5,112.5,123.5,126.2,213.3,157.5,161.4
"2004M03",33.8,36.7,30.5,5.4,3.86,4.88,130.5,205.3,112.5,127.8,130.2,237.8,156.5,166.3
"2004M04",33.4,36.7,31.1,5.72,3.92,4.91,128.4,199.4,112.5,133.5,128.6,240.8,157.2,166.6
"2004M05",37.9,40.3,34.5,6.34,3.95,4.91,135.9,191.1,112.5,128.2,118.6,232,148.3,163.7
"2004M06",35.2,38,33.4,6.27,4.01,5.04,158.3,190.6,112.5,123.3,115.9,229,137.2,154.7
"2004M07",38.4,40.8,34.5,5.93,4.28,5.07,185,201.5,112.5,104.8,96.7,230.8,131.6,150.6
"2004M08",43,44.9,38.3,5.4,4.34,5.16,196.2,208.1,125.9,104.1,103.1,239,129.1,141.3
"2004M09",43.4,45.9,35.5,5.14,4.41,5.43,218.1,208.5,143.5,97.9,99.7,235.3,138.2,151
"2004M10",49.8,53.2,37.6,6.41,4.83,5.55,242.1,211.8,146,93.8,93.8,244,141.4,150.1
"2004M11",43.1,48.4,34.9,6.09,4.96,5.45,224.5,213.8,151.2,93.7,92.3,259.2,140.8,156.6
"2004M12",39.6,43.2,34.3,6.58,5.01,5.57,185.3,211.1,152.5,95.4,90.7,278.3,139.5,153.9
"2005M01",44.3,46.8,37.8,6.15,5.46,5.42,184.6,208.6,152.5,96.3,90,287,142.5,153.6
"2005M02",45.6,48,40.9,6.14,5.49,5.58,185.8,207.1,152.5,94.1,92.3,290,141.6,151.2
"2005M03",53.1,54.2,45.6,6.97,5.52,5.59,217.1,210.6,152.5,99.9,96.4,292.8,152.2,151
"2005M04",51.9,53,47.1,7.15,5.86,5.67,242.1,214.8,152.5,96.3,93,297.3,132.1,140.9
"2005M05",48.7,49.8,45,6.47,5.89,5.74,256,217.2,152.5,95.4,96.2,293.8,133.1,143.3
"2005M06",54.3,56.4,51,7.19,5.91,5.68,217.5,224.3,152.5,97.1,97.1,285,131.1,141.9
"2005M07",57.6,58.7,52.9,7.63,6.42,6.03,221.9,228.3,152.5,107.5,105.6,276.8,130.9,143.9
"2005M08",64.1,65,56.6,9.63,6.56,6.2,208.5,231.5,152.5,101.7,100.1,282.8,131.8,149.4
"2005M09",63,65.5,56.5,12.88,6.58,6.39,210.4,240.8,152.5,96.4,97.4,285.3,128.2,159.7
"2005M10",58.5,62.4,53.7,13.52,7.28,6.48,215.5,246.4,152.5,101.9,97.4,286.4,135.3,167.8
"2005M11",55.5,58.3,51.3,10.43,7.46,6.61,235,246.1,167.5,95.4,92.6,277.8,132.3,161.1
"2005M12",56.7,59.4,53.1,12.83,7.49,6.49,213.9,245.9,167.5,102.1,96.6,280.5,137.6,164.4
"2006M01",63.6,65.5,58.3,8.66,7.96,6.53,202.3,244.3,167.5,102.7,100.6,291.3,144.2,167.2
"2006M02",59.9,61.6,57.6,7.49,7.95,7.04,213.9,238.1,167.5,107.1,106.1,301.5,149.2,179.8
"2006M03",62.3,62.9,57.6,6.9,7.99,6.88,243.1,233.6,167.5,105.3,103.7,303.5,142.7,174.4
"2006M04",70.4,69.4,64.1,7.09,8.24,6.93,247.5,231.8,167.5,107.7,109.4,302.3,140.8,180.3
"2006M05",70.2,70.9,64.9,6.2,8.28,6.92,229.5,232.9,167.5,110.6,113.8,308,150.9,193.2
"2006M06",68.9,70.9,65.1,6.19,8.29,7.1,210,232.4,167.5,109.4,111.9,312.5,140.1,195.2
"2006M07",73.9,74.4,69,6.25,8.58,6.86,205.5,230.3,172.5,114,120,315.4,143.9,202.4
"2006M08",73.6,73,68.8,7,8.71,7.23,210.5,228.3,192.5,116.6,114.4,312.7,148.4,189.9
"2006M09",62.8,63.8,59.8,4.86,8.77,7.65,215.1,225.1,192.5,121.7,119.5,309.2,166.9,196
"2006M10",58.4,58.9,56.5,5.96,8.97,7.2,209.2,218.5,192.5,142.2,138.2,301,197.8,212.1
"2006M11",58.5,59.1,56.8,7.45,8.99,7.21,227.4,219.4,192.5,164.5,167.1,296.3,192.9,209.7
"2006M12",62.3,62,58.7,6.58,8.92,7.35,251.7,223.8,192.5,160.4,170.6,305,189.8,204.3
"2007M01",54.3,54.2,52,6.58,8.59,7.11,265,249.2,192.5,164.8,175.1,313,176,196.1
"2007M02",57.8,59.3,55.7,7.97,8.56,6.89,299.4,317.6,192.5,177.3,180.6,315,176.5,200
"2007M03",62.1,60.6,59.1,7.12,8.37,6.86,318.1,387,192.5,170.5,170,318.7,168.5,199.1
"2007M04",67.4,63.9,63.8,7.59,8,7.09,291,404.6,192.5,152.7,149.5,316.5,175.3,198.3
"2007M05",67.5,63.5,64.5,7.61,7.98,7.22,293.1,392,192.5,160.2,150,317.6,180.8,195.7
"2007M06",71.3,67.5,65.8,7.3,8.03,7.11,291.9,387.9,192.5,165.2,154.8,323.3,205,223
"2007M07",77.2,74.1,69.5,6.22,8.13,7.26,269.5,398.5,192.5,146.8,138.5,328.8,225.6,238.4
"2007M08",70.8,72.4,67.2,6.2,8.34,7.7,260.6,401.6,192.5,151.2,150.3,327.5,253.9,259.7
"2007M09",77.1,79.9,73.3,6.1,8.54,8.09,305,399.6,197.5,159.4,163.3,325,323,326.5
"2007M10",82.9,85.9,77.1,6.8,9.16,8.55,323.8,406,202.5,164.2,163.2,329.2,325.5,335.1
"2007M11",92.5,94.8,86.7,7.14,9.47,9.14,366.3,447,202.5,171.3,170.1,342,307.7,321.8
"2007M12",91.5,91.4,85.8,7.15,9.49,9.18,401.7,512.5,202.5,180.3,187,360.7,345.3,368.6
"2008M01",91.9,93,87.2,8,10.7,9.94,376.6,593.9,230.6,206.7,212.7,375.6,343.8,370.7
"2008M02",94.8,95.4,90,8.55,10.84,10.46,328.1,692.5,240,220.1,218.5,464.8,388.7,425
"2008M03",103.3,105.5,96.8,9.4,11.04,10.96,371,862.2,240,234.4,224.9,594,419.6,439.7
"2008M04",110.2,112.6,103.5,10.13,12.19,11.42,462.5,953.5,393,246.4,240.3,907,323.4,362.2
"2008M05",123.9,125,118.9,11.23,12.38,11.63,633.8,997.5,546,243.5,238.2,901.8,255.1,328.8
"2008M06",133,133.9,127.6,12.68,12.63,12.07,642,1004.1,546,287.1,262.2,757,254.7,348.6
"2008M07",133.9,133.4,131.2,11.15,14.37,12.35,733.8,1075.8,546,265.3,218.8,731.8,245.4,328.2
"2008M08",113.8,116.6,113.2,8.25,14.64,13.25,785,1065,546,235,209.3,693.5,255.4,329.3
"2008M09",99.1,103.9,96,7.69,14.85,14.39,744.5,980,546,233.8,216,683.8,223.8,295.6
"2008M10",72.8,76.6,68.6,6.73,15.93,15.01,575,910,546,183.1,163.6,609.3,185.9,237.4
"2008M11",53.2,57.3,51.4,6.67,15.81,15.06,287.5,710,546,163.8,150.8,552,183,226.8
"2008M12",41.6,41.4,41,5.79,15.5,13.78,240,495,546,158.3,138.6,531.8,179.3,220.1
"2009M01",44.9,41.7,45,5.24,13.89,12.71,273.8,308.9,546,172.8,153.3,580,195.1,239.1
"2009M02",43.2,39.2,43.1,4.52,11.04,10.52,281.3,313.8,580.1,163.4,144.1,590.8,183.4,224.7
"2009M03",46.8,47.5,45.6,3.95,10.9,9.48,268.5,317.8,682.5,164.6,138.6,588.3,183.7,231
"2009M04",50.8,49.8,50.2,3.5,8.51,8.12,245.6,300.6,682.5,168.5,154.1,549.7,182.6,233.5
"2009M05",57.9,59.1,57.4,3.81,8.09,7.5,236.3,267.9,682.5,179.9,160.1,533,202.5,261.5
"2009M06",68.6,69.6,69.2,3.8,7.95,7.18,239.7,256.1,682.5,179.5,153,574.5,201.7,256.6
"2009M07",64.9,64.1,65,3.39,6.67,7.55,243.8,263.3,615.6,151.6,133.8,572,175.6,224.9
"2009M08",72.5,71.1,71.3,3.15,6.92,7.76,251.5,276.4,530,152,142.4,526.3,161.7,210.4
"2009M09",67.7,69.4,67.9,2.96,7.13,8.42,232.3,280.6,425,150.4,141.8,518.8,158.4,191.1
"2009M10",73.2,75.8,73.3,4.02,7.6,9.1,234.9,271.6,425,167.3,159,493,175.6,198.8
"2009M11",77,78,77.6,3.69,7.81,9.13,243.5,273.2,425,171.6,166,542.8,204.7,211
"2009M12",74.7,74.5,75.5,5.37,8.01,9.76,262,331.5,425,164.6,166.3,591,206.5,206.3
"2010M01",76.4,78.4,76.6,5.81,8.8,10.02,266.5,383,389.4,167.3,161.8,568.8,198.8,201.2
"2010M02",74.3,76.4,73.6,5.34,8.8,10.52,297.5,413.6,374.4,161.8,154.1,535,191.8,194
"2010M03",79.3,81.3,77.4,4.29,8.93,10.42,278.7,424.5,340,159,154.7,502.2,190,191.1
"2010M04",85,84.5,83.1,4.01,7.52,10.98,253.8,417.5,340,157.1,149.4,466,187.8,192.9
"2010M05",76.3,73.7,76.9,4.16,7.27,11.39,234,410,334.5,163.4,147.3,451.3,190.3,181.6
"2010M06",74.8,75.4,74,4.79,7.74,10.48,226.3,392.5,312.5,152.7,131,440,182.6,157.7
"2010M07",74.7,76.4,72.7,4.63,8.04,11.32,259.4,418.1,312.5,163.8,132.4,441.8,222.3,195.8
"2010M08",76.7,76.6,74.2,4.31,8.45,11.3,263.5,459.9,312.5,175.6,143.4,452.8,261.6,246.2
"2010M09",77.8,75.3,75.3,3.9,8.28,11.03,308.8,506,312.5,205.9,184.9,476.5,276.3,271.7
"2010M10",82.9,81.9,80.3,3.43,8.29,11.13,332.5,557.3,312.5,235.8,201,486,267.5,270.2
"2010M11",85.7,84.2,83.7,3.73,8.59,10.84,365.4,554.1,322.5,238.2,203.2,514.5,278.5,274.1
"2010M12",91.8,89.1,89.1,4.24,8.74,10.75,380.6,540.6,322.5,250.4,221.6,532,308.6,306.5
"2011M01",96.3,89.4,92.4,4.49,9.61,11.45,378.5,547.4,322.5,264.9,246.3,516.8,320.4,326.6
"2011M02",104,89.5,100.3,4.07,9.36,12.02,297.5,413.6,374.4,292.9,253.2,524,338.8,348.1
"2011M03",114.4,102.9,108.6,3.97,9.37,12.5,278.7,424.5,340,290.5,266.1,492.8,303.1,316.7
"2011M04",123.1,110,115.7,4.24,10.36,12.99,253.8,417.5,340,319.3,289.6,484.3,314.9,336.1
"2011M05",114.5,101.3,108.5,4.31,10.3,13.61,234,410,334.5,307.9,261.3,481.4,308.6,355.3
"2011M06",113.8,96.3,107.5,4.55,10.26,14.52,478.8,575.9,355,310.6,260.4,513.8,282.2,326.4
"2011M07",116.5,97.3,110,4.41,10.99,16.22,483.8,597.6,442.5,300.8,271.2,538.3,266.4,303.9
"2011M08",110.1,86.3,105.1,4.05,10.81,16.55,475.5,597.4,442.5,310.2,302.5,566,277.6,327.1
"2011M09",110.9,85.6,106,3.9,10.85,16.27,508.8,587.9,442.5,295.3,288.8,598.8,267.5,315.9
"2011M10",109.5,86.4,103.7,3.57,11.42,16.48,493.5,571.4,435,274.8,263.7,599.4,253.5,289
"2011M11",110.5,97.1,108.6,3.24,11.32,16.78,481.3,563.5,435,274.4,265.4,615.3,253.2,281
"2011M12",107.9,98.6,106.2,3.16,11.53,16.48,423.1,488.8,450,258.6,256.4,585.8,244.7,269
"2012M01",111.2,100.3,109.8,2.68,11.45,16.71,368,451.4,495,272.8,265.7,542,253.9,274.9
"2012M02",119.7,102.2,116.1,2.52,11.12,16.03,375,435.5,495,279.5,269.2,537.5,263.1,277.8
"2012M03",124.9,106.2,122.3,2.17,11.97,16.34,393.1,442.9,495,280.7,274,548,259.8,283.9
"2012M04",120.5,103.3,117.3,1.95,11.42,16.85,494.4,478,477.5,274,254.9,547.8,254.6,266.3
"2012M05",110.5,94.7,107.1,2.44,11.64,17.12,513.1,490.5,477.5,269.3,259.4,600.5,251.3,264.4
"2012M06",95.6,82.4,94.2,2.46,11.49,17.2,456.9,501.6,477.5,267.3,263.9,600,249.5,276.2
"2012M07",103.1,87.9,99.2,2.95,11.13,18.11,307.5,436.9,279.5,333.1,268.6,573.8,323,345.7
"2012M08",113.3,94.1,108.4,2.84,11.18,17.74,382.5,504.5,477.5,332,273.3,567.8,333.7,349.4
"2012M09",113.4,94.5,111,2.84,11.08,16.83,384.4,527.4,477.5,320.8,278.2,563.3,343.6,353.4
"2012M10",112,89.5,108.7,3.32,11.58,15.3,349,533.5,477.5,321.2,283.1,558.3,340.2,358.2
"2012M11",109.7,86.7,107.1,3.54,11.83,15,383.5,487.9,477.5,321.6,289,559.3,346.5,360.8
"2012M12",109.7,88.2,105.7,3.34,11.79,15.41,375.8,472.8,477.5,308.6,284,557.8,325.2,348
"2013M01",113,94.7,107.6,3.33,11.87,15.89,380,462.3,395,303.1,291,564.2,309,335.5
"2013M02",116.5,95.3,111.1,3.33,11.77,16.47,415.6,464.5,395,302.7,288.1,563,298,318.9
"2013M03",109.2,92.9,105.4,3.81,11.87,16.27,395.6,467.6,395,309,296.7,559,285.9,309.7
"2013M04",102.9,92,101.7,4.17,12.88,16.2,365.6,461.1,395,279.9,269.2,557,278.1,308.3
"2013M05",103,94.8,100.3,4.04,12.29,16.22,358.1,421.3,395,295.5,273.6,543.5,279.3,319.7
"2013M06",103.1,95.8,100.3,3.83,11.92,16.61,329.4,424.1,395,298.4,236.8,524.3,268.2,313.4
"2013M07",107.7,104.7,103.4,3.62,11.6,16.17,312.5,409.6,395,279.5,220,509,260.9,304.6
"2013M08",111,106.5,107,3.43,11.64,15.6,310.6,400.4,395,238.7,220.6,478.8,252.4,305.3
"2013M09",111.6,106.2,108.4,3.62,11.25,14.96,301,374.8,395,207.4,216.9,444,259.8,307.5
"2013M10",109.5,100.5,106.3,3.67,11.37,15.3,296.9,370,395,201.7,205.2,439,287.7,325.7
"2013M11",108.1,93.9,105.9,3.62,11.42,15.4,305,334.4,395,199.1,195.2,438,274.4,306.8
"2013M12",110.7,97.9,107.9,4.24,11.55,16.38,305,341.6,395,197.4,205.9,451,267,291.6
"2014M01",107.4,94.9,104,4.7,11.59,16.67,330,403.4,395,198.1,210.2,450,246.5,275.6
"2014M02",108.8,100.7,104.9,5.97,11.3,16.76,353.1,450.1,307.6,209.3,221.1,459,258.7,292.1
"2014M03",107.4,100.6,104.2,4.88,10.88,16.55,327.5,486.5,278.5,222.3,234.4,422,286.9,323.7
"2014M04",107.8,102.1,104.7,4.63,10.73,16.79,260,409,299,222.4,232.4,395,277.1,324.8
"2014M05",109.7,101.9,105.6,4.56,10.2,16.32,265,413.6,300.9,217.3,220.7,388,277.2,334.7
"2014M06",111.9,105.2,108,4.57,9.77,16.13,288.8,421.4,301.5,202.4,204.7,397,236.6,306.4
"2014M07",107,102.9,105.8,4.01,9.27,15.21,305,440.6,279.5,182.7,193,422,218.3,280.4
"2014M08",101.9,96.4,101.9,3.88,9.14,15.74,311.3,446.5,279.5,176.4,191.4,445,220.4,263.5
"2014M09",97.3,93.2,97,3.92,9.24,15.16,317.5,438.1,279.5,163.1,180.6,432,202.8,243.6
"2014M10",87.3,84.4,86.6,3.77,9.77,15.89,317.5,418.8,279.5,163.1,195.2,428,220.1,245.4
"2014M11",78.4,75.8,76.7,4.1,8.9,15.59,317.5,408.8,279.5,178.7,213.8,418,236,258.7
"2014M12",62.3,59.3,60.5,3.43,9.83,15.62,308.1,418.4,279.5,178.7,227.3,418,261.8,269.7
"2015M01",48.1,47.3,46,2.97,9.25,16.19,305,440.3,279.5,174.7,215.1,420,231.5,248.4
"2015M02",57.9,50.6,55.8,2.85,8.27,14.2,305,444.1,279.5,173.7,217.7,420,219.8,237
"2015M03",55.8,47.8,54.9,2.8,8.27,13.04,295.5,428.8,283.4,174.2,227.7,410,218.8,230.8
"2015M04",59.4,54.4,58.8,2.58,6.77,10.94,260,409,299,172.1,224.2,399,209.7,223.4
"2015M05",64.6,59.3,63.7,2.84,6.68,9.34,265,413.6,300.9,166.3,217.4,381,200.8,215.3
"2015M06",62.3,59.8,61.8,2.77,6.67,9.19,288.8,421.4,301.5,166.7,221.1,376,205,209.8
"2015M07",55.9,50.9,56.3,2.83,6.69,9.5,283.8,431.5,301.5,179.6,222.9,392,207.4,197.3
"2015M08",47,42.9,47.2,2.76,6.35,9.82,274.6,434.6,301.5,162.6,183.5,373,187.9,179.7
"2015M09",47.2,45.5,46.2,2.65,6.28,10.31,279.4,428,301.5,165.6,173.6,357,194,172.7
"2015M10",48.1,46.2,46.6,2.32,6.03,10.11,250.6,423.8,301.5,171.4,177.5,373,206.3,172.7
"2015M11",44.4,42.7,42.2,2.08,5.5,9.52,263.6,383.9,301.5,166.2,169.1,368,203.4,177.1
"2015M12",37.7,37.2,34.8,1.92,5.09,9.08,264,340.6,301.5,163.9,169.8,363,192,189.2
"2016M01",30.8,31.5,27,2.27,4.4,8.4,233.9,327.1,301.5,161,164.9,369,191.7,193.3
"2016M02",33.2,30.4,29.5,1.96,3.97,8.56,191.9,326,301.5,159.7,164.9,384,188.4,187
"2016M03",39.1,37.8,35.2,1.7,3.91,7.74,201.8,338.1,301.5,159.1,160.5,384,189.7,191.1
"2016M04",42.3,41,39,1.9,3.97,6.82,196.3,330.5,301.5,164.4,162.3,395,192.8,187.4
"2016M05",47.1,46.7,44,1.92,4.33,6.27,198.4,313.5,301.5,169,158.5,433,189.9,172
"2016M06",48.5,48.8,45.8,2.57,4.76,6.4,142.6,306.6,301.5,179.9,166.7,441,187,173.1
"2016M07",45.1,44.7,42.6,2.79,4.67,6.76,181,305.2,282.5,161.8,145.2,442,166.5,151.8
"2016M08",46.1,44.8,43.7,2.79,4.05,7.14,186.3,318.1,206.5,150.2,152.7,415,159.3,149.2
"2016M09",46.2,45.2,43.7,2.97,4.25,7.54,187.3,320,206.5,148.4,145.4,384,157.6,150.6
"2016M10",49.7,49.9,48.3,2.95,5.34,7.65,187.5,310,206.5,152.3,148.7,369,164.4,151.8
"2016M11",46.4,45.6,43.8,2.5,5.69,7.59,205,298,206.5,151.8,144.3,365,167.3,150.6
"2016M12",54.1,52,51.8,3.58,5.42,7.59,217.8,296.6,206.5,152.4,153.1,373,161.2,141.8
"2017M01",54.9,52.5,53.4,3.26,6.14,8.04,233.8,308,206.5,160,156.2,377,173.6,153.2
"2017M02",55.5,53.4,54.2,2.82,6.05,8.41,191.9,326,301.5,162.9,157.1,367,181,155.1
"2017M03",52,49.6,51.2,2.89,5,8.25,223.5,325.6,206.5,159,151.1,370,176.5,154.3
"2017M04",53,51.1,52.5,3.08,5.01,8.76,207.9,313.1,206.5,156.4,149.8,380,172.2,166.1
"2017M05",50.9,48.5,50.3,3.12,5.06,9.1,178.8,309.3,206.5,158.6,159.9,421,175,180.4
"2017M06",46.9,45.2,46.4,2.94,4.89,8.88,191,310.3,206.5,157.9,165,458,183.4,189.6
"2017M07",48.7,46.7,47.6,2.96,5,8.86,181,313.8,207.3,157.5,163.7,417,201.8,202.5
"2017M08",51.4,48,50.4,2.88,5.48,8.92,192.6,320.8,215.5,148.5,169.9,393,172.7,171.2
"2017M09",55.2,49.8,53.9,2.96,5.96,8.64,219,325.9,215.5,147.3,169.8,402,176.9,178.6
"2017M10",57.6,51.6,55.6,2.86,6.18,8.31,252.5,322.4,215.5,148.6,171,394,177,175.6
"2017M11",62.6,56.7,60.6,2.99,6.69,8.45,280,344,215.5,148.7,167.7,402,175.7,179.7
"2017M12",64.2,57.9,61.4,2.76,7.14,8.65,214.6,357.3,215.5,149,175.2,406,172.5,184.1
"2018M01",69,63.7,66,3.86,6.66,9.34,219.6,360.4,215.5,155.8,178.5,442,178.3,192.2
"2018M02",65.4,62.2,62.8,2.67,6.72,9.83,232.5,370,215.5,163.4,187.4,425,190.6,192.2
"2018M03",66.5,62.8,63.3,2.7,6.7,10.11,232.5,378,215.5,172,181.2,430,198.9,192.2
"2018M04",71.6,66.3,68.4,2.78,6.93,10.09,230.6,384.8,215.5,175.6,178.6,451,198.8,213.8
"2018M05",76.7,70,73.7,2.8,7.49,10.25,221.9,384.4,215.5,179.1,178.6,451,209.9,213.8
"2018M06",75.2,67.5,73.2,2.95,7.45,10.44,224,391.6,215.5,165.1,161.9,427,206,219.4
"2018M07",74.4,70.8,72.7,2.83,7.6,10.44,252.5,400.8,215.5,156.5,147.5,398,206.9,218.3
"2018M08",73.1,68,72.1,2.96,8.08,10.88,260,409,215.5,162.4,165.6,405,217.4,236.6
"2018M09",78.9,70.2,77,2.98,9.52,11.3,267.5,421.6,215.5,154.8,163.6,405,202,212.4
"2018M10",80.5,70.8,79,3.28,8.79,11.66,270,420.8,215.5,160.3,159,409,209.1,213.5
"2018M11",65.2,56.7,65.1,4.13,8.27,11.7,305.6,410.2,215.5,160.7,157.5,401,210.8,203.6
"2018M12",56.5,49,56.5,3.98,7.98,12,276.7,389.7,215.5,167.4,163.8,404,217.8,211.3
"2019M01",59.3,51.5,59,3.08,7.26,12.01,260,382.1,215.5,166.7,162.9,410,220.2,209.8
"2019M02",64.1,55,64.3,2.72,6.01,11.81,250.6,357.4,215.5,169.5,170.4,408,217.2,219
"2019M03",66.4,58.2,66.8,2.94,5.18,11.29,247.5,335,245.5,166.2,169.3,406,200.4,205.8
"2019M04",71.2,63.9,70.7,2.65,4.92,10.27,247.5,323.8,265.5,161.5,165.5,413,197.3,199.5
"2019M05",70.5,60.8,69.1,2.63,4.34,10.15,247.5,313.4,265.5,171.1,165.5,409,200.3,199.5
"2019M06",63.3,54.7,61.3,2.4,3.59,10.04,247.5,314.9,265.5,195.1,157.7,420,222.4,206.1
"2019M07",64,57.5,62.9,2.36,3.62,10.13,263.5,307.5,265.5,189.4,159.5,416,204,196.2
"2019M08",59.3,54.8,58.9,2.22,3.68,10.86,262.5,292.9,265.5,163.6,147.9,430,197.5,181.1
"2019M09",62.3,57,60.8,2.58,4.21,10.14,237.8,285.8,265.5,157.3,149.7,427,201.9,189.6
"2019M10",59.4,54,58.5,2.33,5.06,9.98,237,277.4,265.5,167.1,163.8,424,212.8,199.5
"2019M11",62.7,57.1,61.4,2.65,5.15,10.04,224.5,248,265.5,166.3,161.9,421,223.5,203.2
"2019M12",65.9,59.8,64.4,2.24,4.62,10.06,217.5,238.2,265.5,167,163.9,432,237.7,210.9
"2020M01",63.6,57.5,63.8,2.03,3.63,9.89,215.4,264.9,268.7,171.8,166.2,451,248,224.5
"2020M02",55,50.5,54.5,1.92,2.91,9.89,214.4,279.4,243.4,168.7,164.1,450,239,215.3
"2020M03",33,29.9,33.8,1.79,2.72,10.21,231.1,276.2,235,162.4,164.4,494,228.1,209.1
"2020M04",23.3,16.5,23.3,1.74,2.12,10.01,235,282,220.4,146.9,166.7,564,221.7,219
"2020M05",31,28.6,31.6,1.75,1.58,10.08,201.9,263,222.2,143.9,175.9,510,209.9,205.8
"2020M06",39.9,38.3,40.1,1.61,1.75,8.97,202,273,226.3,148,170.9,520,200.5,198.4
"2020M07",42.8,40.8,42.6,1.74,1.8,7.79,214.4,305.1,237.5,152.6,174.9,480,212.7,222.1
"2020M08",44.3,42.4,43.7,2.3,2.86,6.34,249.5,341.9,240.4,149.3,189.5,505,208.9,223
"2020M09",41.1,39.6,41.1,1.92,3.95,5.88,250.5,358.4,247.8,166.1,NA,507,219.7,247.7
"2020M10",40.5,39.5,39.7,2.25,4.89,6.18,245,357.1,255,186.7,NA,471,245.2,272.4
"2020M11",43.2,41.1,42.6,2.59,4.84,6.86,245,359.6,250,190.4,NA,489,247.9,273
"2020M12",49.9,47.1,49.3,2.54,5.86,7.66,245,388.5,246.3,198.8,NA,520,251.2,268.6
"2021M01",54.6,52.1,54.2,2.67,7.27,9,265,421.3,255.5,234.5,NA,545,276.4,289.3
"2021M02",62,59.1,60.4,5.07,6.16,9.88,335,528.9,290.6,245.2,NA,557,276.6,289.4
"2021M03",65.2,62.4,64,2.56,6.13,7.9,352.9,534.1,320.9,245.2,NA,525,272.6,273.1
"2021M04",64.8,61.7,62.4,2.61,7.15,8.28,328.1,543.4,345.5,268.2,NA,495,281.4,281
"2021M05",68,65.2,66,2.89,8.91,8.92,331.6,574.6,378.1,305.3,NA,493,271,297.3
"2021M06",73.1,71.4,71,3.23,10.3,9.62,393.3,604.8,462.5,292.6,NA,466,263.5,285.6
"2021M07",74.4,72.5,73,3.8,12.51,10.36,441.5,613,633,278.4,NA,414,254.7,294.3
"2021M08",70,67.7,68.9,4.05,15.43,10.8,446.9,603.1,695,256.6,NA,403,276.2,324.5
"2021M09",74.6,71.6,72.2,5.11,22.84,11.44,418.8,643.8,736.3,235.6,NA,400,263.6,337.6
"2021M10",83.7,81.3,81.2,5.48,31.05,12.38,695,672.9,782,239.6,NA,401,NA,354.7
"2021M11",80.8,79.2,79.8,5.02,27.62,15.25,900.5,726.7,806.9,248.7,NA,400,334.5,379.5
"2021M12",74.3,71.5,72.8,3.73,38.03,15.32,890,745,807.5,264.5,NA,400,327.8,376.8
"2022M01",85.5,83.1,83.1,4.33,28.26,14.69,846.4,699.4,785.6,276.6,NA,427,325.2,374.2
"2022M02",95.8,91.7,93.1,4.66,27.23,17,744.2,747.1,791.9,292.6,NA,427,339.3,390.5
"2022M03",115.6,108.5,113.1,4.88,42.39,15.11,872.5,938.1,977.5,335.5,NA,422,446.7,486.3
"2022M04",105.8,101.8,102.7,6.53,32.2,16.29,925,954,1202,348.2,NA,431,427.3,495.3
"2022M05",112.4,109.6,108.3,8.14,29.17,16.68,707.5,842.5,1170,344.8,NA,464,438.4,522.3
"2022M06",120.1,114.6,115.7,7.67,33.56,15.53,690,783.8,1101.9,335.7,NA,444,379.9,459.6
"2022M07",108.9,99.9,106.5,7.26,51.33,18.88,601,784,1013,323,NA,418,316.7,382.5
"2022M08",98.6,91.6,97.8,8.79,70.04,21.21,591.3,749.4,888.8,289.8,NA,431,NA,382.9
"2022M09",90.2,83.9,90.6,7.76,59.1,23.73,678,752,731,312.7,NA,439,NA,419.1
"2022M10",93.1,87.3,90.6,5.62,39.02,21.84,636.3,725,622.5,343.6,NA,431,NA,438
"2022M11",91.1,84.8,86.3,5.28,35.72,19.59,588.8,665.6,563.1,320.9,NA,440,NA,422.7
"2022M12",80.9,76.5,76.8,5.5,36.04,20.58,519.4,625,513.8,302.2,NA,467,NA,386.3
"2023M01",83.1,78.1,80,3.27,20.18,20.19,443.8,631,508.8,302.8,NA,517,NA,380.4
"2023M02",82.7,76.8,81.2,2.38,16.54,18.42,357.5,612.5,496.9,298.2,NA,492,311.9,394.8
"2023M03",78.5,73.4,77.5,2.3,13.81,16.03,313.5,606,453,282.5,NA,476,284.7,369.9
"2023M04",84.1,79.4,83.8,2.16,13.52,14.37,313.4,637,407.5,291.1,NA,501,277.2,378.2
"2023M05",75.7,71.6,75.1,2.15,10.11,13.43,329.3,510,372.5,268.1,NA,510,260.5,367.7
"2023M06",74.9,70.2,74.7,2.18,10.35,12.68,287.5,454.6,328,266.9,NA,514,257,345.5
"2023M07",80.1,76.4,80.5,2.55,9.55,12.99,334.6,458.8,341.3,242.4,NA,547,249.9,345.5
"2023M08",86.2,81.4,86.6,2.58,11.19,12.54,385.6,528.8,353.1,207.6,NA,635,230.8,315.8
"2023M09",94,89.6,93.1,2.64,11.55,12.21,380,527.9,352,223.8,NA,620,230.6,314.7
"2023M10",91.1,85.6,90.6,2.99,14.57,12.62,411.4,534.8,341.9,230.7,NA,590,236.6,298.1
"2023M11",83.2,77.4,83.5,2.71,14.49,12.72,385.5,535.6,331.9,211.3,NA,598,241,283.6
"2023M12",77.9,72.1,77.2,2.53,11.51,14.44,354,563.8,311.9,206.5,NA,644,255,291.1
"2024M01",80.2,73.9,78.9,3.18,9.56,14.34,335.4,596.3,296.3,198.6,NA,660,247.9,283.9
"2024M02",83.8,76.7,81.2,1.72,8.15,13.64,351.3,583.8,289.4,189.1,NA,624,246.2,278.5
"2024M03",85.4,80.5,84.7,1.5,8.55,13.19,330,617.5,300.5,190.6,NA,613,228.5,274.8
"2024M04",90.1,84.6,89.4,1.6,9.09,11.88,320,545,305,191.7,NA,592,227.8,272.3
"2024M05",82,78.8,83.5,2.13,10.12,12.16,284.8,522,307,197.8,NA,628,253.2,289.4
"2024M06",82.6,78.9,82.2,2.51,10.87,12.13,336.3,543,310,192.5,NA,632,230.6,265.6
"2024M07",85.3,80.5,83.9,2.08,10.35,12.49,342.5,539.4,300.6,177.4,NA,590,218.8,260.3
"2024M08",80.9,75.6,78,1.99,12.37,13.32,342.5,546,294,170.3,NA,589,205.8,250.9
"2024M09",74.3,69.6,73.4,2.25,11.78,12.97,337.5,554.8,286.9,185,NA,580,219.2,269.7
"2024M10",75.7,71.6,74.7,2.21,12.92,12.54,374.8,573.4,278.1,190.3,NA,515,233.3,272.9
"2024M11",74.4,69.7,72.8,2.1,13.93,12.82,352.3,574.5,281,201.3,NA,511,229,253.8
"2024M12",73.8,69.8,73.3,3.02,13.86,12.64,352,568.3,292.5,202.6,NA,527,230.3,252.2
"2025M01",79.2,75.1,80.1,4.1,14.66,13.19,380.5,582.7,302,214.4,NA,478,230.6,254.1
"2025M02",75.2,71.3,75,4.22,15.34,12.78,436.5,603.8,318.8,220.9,NA,437,243.5,264.6
"2025M03",72.6,67.8,71.7,4.13,13.24,12.55,394.5,615.1,336.3,207.4,NA,425,227.5,255.4
"2025M04",67.7,63.1,66.9,3.4,11.59,12.68,386.9,635,351.9,215,NA,415,219.6,249.6
"2025M05",64.2,61,63,3.12,11.66,12.32,392,669.2,362.5,203.9,NA,431,221.3,237
"2025M06",71.5,67.5,68.5,3.02,12.37,12.17,420.5,715.4,363.1,196.1,NA,419,217.3,240.1
"2025M07",71,67.4,69.2,3.19,11.62,11.91,496,736,362.5,192,NA,392,210.6,235
"2025M08",68.2,64.1,67.9,2.91,11.15,11.79,507.7,795.1,356.5,185.5,NA,375,200.3,231.1
"2025M09",68,63.7,67.8,2.97,11.12,11.47,461.1,780.6,352.5,197.4,NA,374,207,233.8
"2025M10",64.7,60.2,64.3,3.2,10.89,11.1,394.4,754,352,198.1,NA,356,209.3,230.8
"2025M11",63.6,59.6,63.8,3.79,10.42,11.15,409.3,708.3,353.8,202,NA,368,225.2,245.9
"2025M12",62.7,57.9,62,4.25,9.48,11.32,392.5,627.5,358.3,205.7,NA,424,223.2,242.8
"2026M01",66.8,60.3,63.9,7.58,11.76,11.49,415.4,619.2,366,204.5,NA,408,217.7,249.9
"2026M02",71.1,64.6,68.4,3.61,11.24,11.32,472,626.5,372.5,209.6,NA,409,232.4,257.6
"2026M03",103.7,91.2,91.9,3.06,17.91,11.42,725.6,658.3,380.6,212.7,NA,381,247.4,276
"2026M04",120.4,98.6,92.7,2.77,15.41,15.65,856.9,725.3,401.3,214,NA,403,246.5,282
"2026M05",107.5,99.1,94.7,2.93,16.17,12.88,770.5,769.5,405,216.2,NA,440,259.5,303
"2026M06",85.4,81.9,77.7,3.15,15.17,12.83,453.1,783.8,402.5,197.1,NA,494,237.5,286
